make: Entering directory '/home/ray/chipyard/sims/verilator'
mkdir -p /home/ray/chipyard/sims/verilator/generated-src/chipyard.harness.TestHarness.GENV256D128GemminiShuttleDeepMshrConfig
mkdir -p /home/ray/chipyard/sims/verilator/generated-src/chipyard.harness.TestHarness.GENV256D128GemminiShuttleDeepMshrConfig/
(set -o pipefail && 	cd /home/ray/chipyard && java -cp /home/ray/chipyard/.classpath_cache/chipyard.jar chipyard.Generator  --target-dir /home/ray/chipyard/sims/verilator/generated-src/chipyard.harness.TestHarness.GENV256D128GemminiShuttleDeepMshrConfig --name chipyard.harness.TestHarness.GENV256D128GemminiShuttleDeepMshrConfig --top-module chipyard.harness.TestHarness --legacy-configs chipyard:GENV256D128GemminiShuttleDeepMshrConfig   | tee /home/ray/chipyard/sims/verilator/generated-src/chipyard.harness.TestHarness.GENV256D128GemminiShuttleDeepMshrConfig/chipyard.harness.TestHarness.GENV256D128GemminiShuttleDeepMshrConfig.chisel.log)
echo "emittedLineLength=2048,noAlwaysComb,disallowLocalVariables,verifLabels,disallowPortDeclSharing,locationInfoStyle=wrapInAtSquareBracket" > /home/ray/chipyard/sims/verilator/generated-src/chipyard.harness.TestHarness.GENV256D128GemminiShuttleDeepMshrConfig/.mfc_lowering_options
Picked up JAVA_TOOL_OPTIONS: -Xmx8G -Xss8M -Djava.io.tmpdir=/home/ray/chipyard/.java_tmp
(3,List(UInt<7>(123)))
unified shared memory size: 4096x16x4
L2 InclusiveCache Client Map:
	0 <= debug
	1 <= serial_tl_0_0
	2 <= serial_tl_0_1
	3 <= serial_tl_0_2
	4 <= serial_tl_0_3
	5 <= stream-reader
	6 <= stream-writer
	7 <= Core 0 ICache
	8 <= Core 0 DCache
	9 <= Core 0 DCache MMIO
	10 <= Core 0 Vector Load
	11 <= Core 0 Vector Load

Interrupt map (2 harts 1 interrupts):
  [1, 1] => uart_0

<stdin>:80.18-85.5: Warning (simple_bus_reg): /soc/cbus_clock: missing or empty reg/ranges property
<stdin>:107.18-112.5: Warning (simple_bus_reg): /soc/fbus_clock: missing or empty reg/ranges property
<stdin>:123.18-128.5: Warning (simple_bus_reg): /soc/mbus_clock: missing or empty reg/ranges property
<stdin>:129.18-134.5: Warning (simple_bus_reg): /soc/pbus_clock: missing or empty reg/ranges property
<stdin>:140.18-145.5: Warning (simple_bus_reg): /soc/sbus_clock: missing or empty reg/ranges property
[31m

!!!!!!!!!!!!!!!!!!!!!!!!!!!!!!!!!!!!!!!!!!!!!!!!!!

WARNING: YOU ARE USING A DEADLOCKING DECOUPLED
SERIAL PHY. THIS SHOULD ONLY BE USED IF YOU ARE
CERTAIN THIS LINK WILL NOT BE HEAVILY LOADED.

USE CreditedSourceSyncSerialPhyParams INSTEAD IF
DEADLOCK-FREEDOM IS NECESSARY.

!!!!!!!!!!!!!!!!!!!!!!!!!!!!!!!!!!!!!!!!!!!!!!!!!!

[0m
Clock sbus_0: using diplomatically specified frequency of 500.0.
Clock pbus_0: using diplomatically specified frequency of 500.0.
Clock fbus_0: using diplomatically specified frequency of 500.0.
Clock mbus_0: using diplomatically specified frequency of 500.0.
Clock cbus_0: using diplomatically specified frequency of 500.0.
Leaving clock group uncore with synchronous reset
/dts-v1/;

/ {
	#address-cells = <1>;
	#size-cells = <1>;
	compatible = "ucb-bar,chipyard-dev";
	model = "ucb-bar,chipyard";
	L3: aliases {
		serial0 = &L25;
	};
	L17: chosen {
		stdout-path = &L25;
	};
	L2: cpus {
		#address-cells = <1>;
		#size-cells = <0>;
		timebase-frequency = <500000>;
		L12: cpu@0 {
			clock-frequency = <0>;
			compatible = "ucb-bar,shuttle", "riscv";
			d-cache-block-size = <64>;
			d-cache-sets = <64>;
			d-cache-size = <16384>;
			d-tlb-sets = <1>;
			d-tlb-size = <32>;
			device_type = "cpu";
			hardware-exec-breakpoint-count = <0>;
			i-cache-block-size = <64>;
			i-cache-sets = <64>;
			i-cache-size = <32768>;
			i-tlb-sets = <1>;
			i-tlb-size = <32>;
			mmu-type = "riscv,sv39";
			next-level-cache = <&L10>;
			reg = <0x0>;
			riscv,isa = "rv64imafdcbvzicsr_zifencei_zihpm_zvl256b_zve64d_zvfh_zfh_zba_zbb_zbs_zvbb";
			status = "okay";
			timebase-frequency = <500000>;
			tlb-split;
			L11: interrupt-controller {
				#interrupt-cells = <1>;
				compatible = "riscv,cpu-intc";
				interrupt-controller;
			};
		};
	};
	L28: htif {
		compatible = "ucb,htif0";
	};
	L23: memory@8000000 {
		device_type = "memory";
		reg = <0x8000000 0x10000>;
		status = "disabled";
	};
	L20: memory@80000000 {
		device_type = "memory";
		reg = <0x80000000 0x10000000>;
	};
	L1: soc {
		#address-cells = <1>;
		#size-cells = <1>;
		compatible = "ucb-bar,chipyard-soc", "simple-bus";
		ranges;
		L24: boot-address-reg@1000 {
			reg = <0x1000 0x1000>;
			reg-names = "control";
		};
		L10: cache-controller@2010000 {
			cache-block-size = <64>;
			cache-level = <2>;
			cache-sets = <1024>;
			cache-size = <524288>;
			cache-unified;
			compatible = "sifive,inclusivecache0", "cache";
			next-level-cache = <&L20 &L23>;
			reg = <0x2010000 0x1000>;
			reg-names = "control";
			sifive,mshr-count = <24>;
		};
		L7: cbus_clock {
			#clock-cells = <0>;
			clock-frequency = <500000000>;
			clock-output-names = "cbus_clock";
			compatible = "fixed-clock";
		};
		L13: clint@2000000 {
			compatible = "riscv,clint0";
			interrupts-extended = <&L11 3 &L11 7>;
			reg = <0x2000000 0x10000>;
			reg-names = "control";
		};
		L26: clock-gater@100000 {
			reg = <0x100000 0x1000>;
			reg-names = "control";
		};
		L15: debug-controller@0 {
			compatible = "sifive,debug-013", "riscv,debug-013";
			debug-attach = "jtag";
			interrupts-extended = <&L11 65535>;
			reg = <0x0 0x1000>;
			reg-names = "control";
		};
		L8: error-device@3000 {
			compatible = "sifive,error0";
			reg = <0x3000 0x1000>;
		};
		L6: fbus_clock {
			#clock-cells = <0>;
			clock-frequency = <500000000>;
			clock-output-names = "fbus_clock";
			compatible = "fixed-clock";
		};
		L14: interrupt-controller@c000000 {
			#interrupt-cells = <1>;
			compatible = "riscv,plic0";
			interrupt-controller;
			interrupts-extended = <&L11 11 &L11 9>;
			reg = <0xc000000 0x4000000>;
			reg-names = "control";
			riscv,max-priority = <1>;
			riscv,ndev = <1>;
		};
		L9: mbus_clock {
			#clock-cells = <0>;
			clock-frequency = <500000000>;
			clock-output-names = "mbus_clock";
			compatible = "fixed-clock";
		};
		L5: pbus_clock {
			#clock-cells = <0>;
			clock-frequency = <500000000>;
			clock-output-names = "pbus_clock";
			compatible = "fixed-clock";
		};
		L22: rom@10000 {
			compatible = "sifive,rom0";
			reg = <0x10000 0x10000>;
			reg-names = "mem";
		};
		L4: sbus_clock {
			#clock-cells = <0>;
			clock-frequency = <500000000>;
			clock-output-names = "sbus_clock";
			compatible = "fixed-clock";
		};
		L25: serial@10020000 {
			clocks = <&L5>;
			compatible = "sifive,uart0";
			interrupt-parent = <&L14>;
			interrupts = <1>;
			reg = <0x10020000 0x1000>;
			reg-names = "control";
		};
		L27: tile-reset-setter@110000 {
			reg = <0x110000 0x1000>;
			reg-names = "control";
		};
	};
};

Generated Address Map
	       0 -     1000 ARWX  debug-controller@0
	    1000 -     2000 ARW   boot-address-reg@1000
	    3000 -     4000 ARWX  error-device@3000
	   10000 -    20000  R X  rom@10000
	  100000 -   101000 ARW   clock-gater@100000
	  110000 -   111000 ARW   tile-reset-setter@110000
	 2000000 -  2010000 ARW   clint@2000000
	 2010000 -  2011000 ARW   cache-controller@2010000
	 8000000 -  8010000 ARWXC memory@8000000
	 c000000 - 10000000 ARW   interrupt-controller@c000000
	10020000 - 10021000 ARW   serial@10020000
	80000000 - 90000000 ARWXC memory@80000000

IOCells generated by IOBinders:
  IOBinder for interface sifive.blocks.devices.uart.HasPeripheryUART generated:
    1 X GenericDigitalInIOCell
    1 X GenericDigitalOutIOCell
  IOBinder for interface testchipip.boot.CanHavePeripheryCustomBootPin generated:
    1 X GenericDigitalInIOCell
  IOBinder for interface freechips.rocketchip.devices.debug.HasPeripheryDebug generated:
    4 X GenericDigitalInIOCell
    1 X GenericDigitalOutIOCell
  IOBinder for interface chipyard.clocking.CanHaveClockTap generated:
    1 X GenericDigitalOutIOCell
  IOBinder for interface testchipip.serdes.CanHavePeripheryTLSerial generated:
    35 X GenericDigitalInIOCell
    34 X GenericDigitalOutIOCell

  Total generated 78 IOCells:
    41 X GenericDigitalInIOCell
    37 X GenericDigitalOutIOCell
[31m

!!!!!!!!!!!!!!!!!!!!!!!!!!!!!!!!!!!!!!!!!!!!!!!!!!

WARNING: YOU ARE USING A DEADLOCKING DECOUPLED
SERIAL PHY. THIS SHOULD ONLY BE USED IF YOU ARE
CERTAIN THIS LINK WILL NOT BE HEAVILY LOADED.

USE CreditedSourceSyncSerialPhyParams INSTEAD IF
DEADLOCK-FREEDOM IS NECESSARY.

!!!!!!!!!!!!!!!!!!!!!!!!!!!!!!!!!!!!!!!!!!!!!!!!!!

[0m
Harness binder clock is 100.0
[warn] generators/gemmini/src/main/scala/gemmini/DMA.scala 483:39: [W004] Dynamic index with width 7 is too wide for Vec of size 4 (expected index width 2).
[warn]     val write_mask = write_packet.mask(beatsSent)
[warn]                                       ^
[warn] generators/gemmini/src/main/scala/gemmini/DMA.scala 486:70: [W004] Dynamic index with width 7 is too wide for Vec of size 4 (expected index width 2).
[warn]     val bytes_written_this_beat = write_packet.bytes_written_per_beat(beatsSent)
[warn]                                                                      ^
[warn] generators/gemmini/src/main/scala/gemmini/DMA.scala 609:18: [W004] Dynamic index with width 8 is too wide for Vec of size 4 (expected index width 2).
[warn]       data_blocks(io.req.bits.block) := io.req.bits.data
[warn]                  ^
[warn] generators/gemmini/src/main/scala/gemmini/CounterFile.scala 178:49: [W004] Dynamic index with width 7 is too wide for Vec of size 8 (expected index width 3).
[warn]       val external = io.event_io.external_values(config)
[warn]                                                 ^
[warn] generators/gemmini/src/main/scala/gemmini/CounterFile.scala 209:37: [W004] Dynamic index with width 7 is too wide for Vec of size 45 (expected index width 6).
[warn]       when (io.event_io.event_signal(config)) {
[warn]                                     ^
[warn] generators/gemmini/src/main/scala/gemmini/ReservationStation.scala 498:37: [W004] Dynamic index with width 4 is too wide for Vec of size 8 (expected index width 3).
[warn]       entries.foreach(_.bits.deps_ld(issue_id) := false.B)
[warn]                                     ^
[warn] generators/gemmini/src/main/scala/gemmini/ReservationStation.scala 499:17: [W004] Dynamic index with width 4 is too wide for Vec of size 8 (expected index width 3).
[warn]       entries_ld(issue_id).valid := false.B
[warn]                 ^
[warn] generators/gemmini/src/main/scala/gemmini/ReservationStation.scala 501:38: [W004] Dynamic index with width 4 is too wide for Vec of size 8 (expected index width 3).
[warn]       conv_ld_completed := entries_ld(issue_id).bits.cmd.from_conv_fsm
[warn]                                      ^
[warn] generators/gemmini/src/main/scala/gemmini/ReservationStation.scala 502:40: [W004] Dynamic index with width 4 is too wide for Vec of size 8 (expected index width 3).
[warn]       matmul_ld_completed := entries_ld(issue_id).bits.cmd.from_matmul_fsm
[warn]                                        ^
[warn] generators/gemmini/src/main/scala/gemmini/ReservationStation.scala 504:24: [W004] Dynamic index with width 4 is too wide for Vec of size 8 (expected index width 3).
[warn]       assert(entries_ld(issue_id).valid)
[warn]                        ^
[warn] generators/gemmini/src/main/scala/gemmini/ReservationStation.scala 514:37: [W004] Dynamic index with width 4 is too wide for Vec of size 4 (expected index width 2).
[warn]       entries.foreach(_.bits.deps_st(issue_id) := false.B)
[warn]                                     ^
[warn] generators/gemmini/src/main/scala/gemmini/ReservationStation.scala 515:17: [W004] Dynamic index with width 4 is too wide for Vec of size 4 (expected index width 2).
[warn]       entries_st(issue_id).valid := false.B
[warn]                 ^
[warn] generators/gemmini/src/main/scala/gemmini/ReservationStation.scala 517:38: [W004] Dynamic index with width 4 is too wide for Vec of size 4 (expected index width 2).
[warn]       conv_st_completed := entries_st(issue_id).bits.cmd.from_conv_fsm
[warn]                                      ^
[warn] generators/gemmini/src/main/scala/gemmini/ReservationStation.scala 518:40: [W004] Dynamic index with width 4 is too wide for Vec of size 4 (expected index width 2).
[warn]       matmul_st_completed := entries_st(issue_id).bits.cmd.from_matmul_fsm
[warn]                                        ^
[warn] generators/gemmini/src/main/scala/gemmini/ReservationStation.scala 520:24: [W004] Dynamic index with width 4 is too wide for Vec of size 4 (expected index width 2).
[warn]       assert(entries_st(issue_id).valid)
[warn]                        ^
[warn] generators/gemmini/src/main/scala/gemmini/LoopMatmul.scala 589:55: [W004] Dynamic index with width 16 is too wide for Vec of size 3 (expected index width 2).
[warn]     Mux(req.act === Activation.LAYERNORM, ln_norm_cmds(ln_cmd)(1), sm_norm_cmds(ln_cmd)(1)),
[warn]                                                       ^
[warn] generators/gemmini/src/main/scala/gemmini/LoopMatmul.scala 589:80: [W004] Dynamic index with width 16 is too wide for Vec of size 3 (expected index width 2).
[warn]     Mux(req.act === Activation.LAYERNORM, ln_norm_cmds(ln_cmd)(1), sm_norm_cmds(ln_cmd)(1)),
[warn]                                                                                ^
[warn] generators/gemmini/src/main/scala/gemmini/LoopMatmul.scala 590:55: [W004] Dynamic index with width 16 is too wide for Vec of size 3 (expected index width 2).
[warn]     Mux(req.act === Activation.LAYERNORM, ln_norm_cmds(ln_cmd)(0), sm_norm_cmds(ln_cmd)(0)))
[warn]                                                       ^
[warn] generators/gemmini/src/main/scala/gemmini/LoopMatmul.scala 590:80: [W004] Dynamic index with width 16 is too wide for Vec of size 3 (expected index width 2).
[warn]     Mux(req.act === Activation.LAYERNORM, ln_norm_cmds(ln_cmd)(0), sm_norm_cmds(ln_cmd)(0)))
[warn]                                                                                ^
[warn] generators/gemmini/src/main/scala/gemmini/ExecuteController.scala 141:27: [W005] Dynamic index with width 1 is too narrow for Vec of size 3 (expected index width 2).
[warn]   val d_address_rs1 = rs1s(preload_cmd_place).asTypeOf(local_addr_t)
[warn]                           ^
[warn] generators/gemmini/src/main/scala/gemmini/ExecuteController.scala 142:27: [W005] Dynamic index with width 1 is too narrow for Vec of size 3 (expected index width 2).
[warn]   val c_address_rs2 = rs2s(preload_cmd_place).asTypeOf(local_addr_t)
[warn]                           ^
[warn] generators/gemmini/src/main/scala/gemmini/ExecuteController.scala 158:28: [W005] Dynamic index with width 1 is too narrow for Vec of size 3 (expected index width 2).
[warn]   val d_cols_default = rs1s(preload_cmd_place)(32 + log2Up(block_size + 1) - 1, 32) // TODO magic numbers
[warn]                            ^
[warn] generators/gemmini/src/main/scala/gemmini/ExecuteController.scala 159:28: [W005] Dynamic index with width 1 is too narrow for Vec of size 3 (expected index width 2).
[warn]   val d_rows_default = rs1s(preload_cmd_place)(48 + log2Up(block_size + 1) - 1, 48) // TODO magic numbers
[warn]                            ^
[warn] generators/gemmini/src/main/scala/gemmini/ExecuteController.scala 167:20: [W005] Dynamic index with width 1 is too narrow for Vec of size 3 (expected index width 2).
[warn]   val c_cols = rs2s(preload_cmd_place)(32 + log2Up(block_size + 1) - 1, 32) // TODO magic numbers
[warn]                    ^
[warn] generators/gemmini/src/main/scala/gemmini/ExecuteController.scala 168:20: [W005] Dynamic index with width 1 is too narrow for Vec of size 3 (expected index width 2).
[warn]   val c_rows = rs2s(preload_cmd_place)(48 + log2Up(block_size + 1) - 1, 48) // TODO magic numbers
[warn]                    ^
[warn] generators/gemmini/src/main/scala/gemmini/ExecuteController.scala 793:58: [W005] Dynamic index with width 1 is too narrow for Vec of size 3 (expected index width 2).
[warn]   mesh_cntl_signals_q.io.enq.bits.rob_id.bits := cmd.bits(preload_cmd_place).rob_id.bits
[warn]                                                          ^
[warn] generators/shuttle/src/main/scala/ifu/ICache.scala 115:25: [W003] Dynamic index with width 7 is too small for extractee of width 512
[warn]     val s1_vb = vb_array(Cat(i.U, s1_idx))
[warn]                         ^
[warn] generators/shuttle/src/main/scala/ifu/ICache.scala 115:25: [W003] Dynamic index with width 8 is too small for extractee of width 512
[warn]     val s1_vb = vb_array(Cat(i.U, s1_idx))
[warn]                         ^
[warn] generators/shuttle/src/main/scala/ifu/BTB.scala 94:10: [W004] Dynamic index with width 6 is too wide for Vec of size 32 (expected index width 5).
[warn]     ubits(waddr) := 0.U
[warn]          ^
[warn] generators/shuttle/src/main/scala/ifu/BTB.scala 97:10: [W004] Dynamic index with width 6 is too wide for Vec of size 32 (expected index width 5).
[warn]     ubits(waddr) := 1.U
[warn]          ^
[warn] generators/shuttle/src/main/scala/ifu/BTB.scala 99:83: [W004] Dynamic index with width 6 is too wide for Vec of size 32 (expected index width 5).
[warn]   when (r_btb_update.valid && r_btb_update.bits.mispredict && !(updateHit && ubits(waddr) && isValid(waddr))) {
[warn]                                                                                   ^
[warn] generators/shuttle/src/main/scala/ifu/BTB.scala 99:101: [W002] Dynamic index with width 6 is too large for extractee of width 32
[warn]   when (r_btb_update.valid && r_btb_update.bits.mispredict && !(updateHit && ubits(waddr) && isValid(waddr))) {
[warn]                                                                                                     ^
[warn] generators/shuttle/src/main/scala/ifu/BTB.scala 101:9: [W004] Dynamic index with width 6 is too wide for Vec of size 32 (expected index width 5).
[warn]     idxs(waddr) := r_btb_update.bits.pc(matchBits-1, log2Up(coreInstBytes))
[warn]         ^
[warn] generators/shuttle/src/main/scala/ifu/BTB.scala 102:9: [W004] Dynamic index with width 6 is too wide for Vec of size 32 (expected index width 5).
[warn]     tgts(waddr) := update_target(matchBits-1, log2Up(coreInstBytes))
[warn]         ^
[warn] generators/shuttle/src/main/scala/ifu/BTB.scala 103:10: [W004] Dynamic index with width 6 is too wide for Vec of size 32 (expected index width 5).
[warn]     ubits(waddr) := 1.U
[warn]          ^
[warn] generators/shuttle/src/main/scala/ifu/BTB.scala 104:13: [W004] Dynamic index with width 6 is too wide for Vec of size 32 (expected index width 5).
[warn]     idxPages(waddr) := idxPageUpdate +& 1.U // the +1 corresponds to the <<1 on io.resp.valid
[warn]             ^
[warn] generators/shuttle/src/main/scala/ifu/BTB.scala 105:13: [W004] Dynamic index with width 6 is too wide for Vec of size 32 (expected index width 5).
[warn]     tgtPages(waddr) := tgtPageUpdate
[warn]             ^
[warn] generators/shuttle/src/main/scala/ifu/BTB.scala 106:12: [W004] Dynamic index with width 6 is too wide for Vec of size 32 (expected index width 5).
[warn]     cfiType(waddr) := r_btb_update.bits.cfiType
[warn]            ^
[warn] generators/shuttle/src/main/scala/ifu/BTB.scala 109:12: [W004] Dynamic index with width 6 is too wide for Vec of size 32 (expected index width 5).
[warn]       brIdx(waddr) := r_btb_update.bits.br_pc >> log2Up(coreInstBytes)
[warn]            ^
[warn] generators/shuttle/src/main/scala/dmem/MSHRs.scala 155:25: [W004] Dynamic index with width 3 is too wide for Vec of size 4 (expected index width 2).
[warn]   io.refill := refillMux(io.mem_grant.bits.source)
[warn]                         ^
[warn] generators/saturn/src/main/scala/common/Bundles.scala 88:35: [W001] Casting non-literal UInt to saturn.common.OPMFunct6. You can use saturn.common.OPMFunct6.safe to cast without this warning.
[warn]   def opmf6 = Mux(isOpm, OPMFunct6(funct6), OPMFunct6.illegal)
[warn]                                   ^
[warn] generators/saturn/src/main/scala/common/Bundles.scala 90:35: [W001] Casting non-literal UInt to saturn.common.OPFFunct6. You can use saturn.common.OPFFunct6.safe to cast without this warning.
[warn]   def opff6 = Mux(isOpf, OPFFunct6(funct6), OPFFunct6.illegal)
[warn]                                   ^
[warn] generators/saturn/src/main/scala/common/Bundles.scala 89:35: [W001] Casting non-literal UInt to saturn.common.OPIFunct6. You can use saturn.common.OPIFunct6.safe to cast without this warning.
[warn]   def opif6 = Mux(isOpi, OPIFunct6(funct6), OPIFunct6.illegal)
[warn]                                   ^
[warn] generators/saturn/src/main/scala/common/Parameters.scala 447:83: [W004] Dynamic index with width 5 is too wide for Vec of size 8 (expected index width 3).
[warn]   def log2_up(f: UInt, max: Int) = VecInit.tabulate(max)({nf => log2Ceil(nf+1).U})(f)
[warn]                                                                                   ^
[warn] generators/saturn/src/main/scala/common/Parameters.scala 446:5: [W004] Dynamic index with width 4 is too wide for Vec of size 4 (expected index width 2).
[warn]   })(emul)
[warn]     ^
[warn] generators/saturn/src/main/scala/common/Bundles.scala 212:35: [W001] Casting non-literal UInt to saturn.common.OPIFunct6. You can use saturn.common.OPIFunct6.safe to cast without this warning.
[warn]   def opif6 = Mux(isOpi, OPIFunct6(funct6), OPIFunct6.illegal)
[warn]                                   ^
[warn] generators/saturn/src/main/scala/common/Bundles.scala 211:35: [W001] Casting non-literal UInt to saturn.common.OPMFunct6. You can use saturn.common.OPMFunct6.safe to cast without this warning.
[warn]   def opmf6 = Mux(isOpm, OPMFunct6(funct6), OPMFunct6.illegal)
[warn]                                   ^
[warn] generators/saturn/src/main/scala/exu/PermuteUnit.scala 43:78: [W004] Dynamic index with width 128 is too wide for Vec of size 16 (expected index width 4).
[warn]     io.pipe(0).bits.rvs2_data.asTypeOf(Vec(dLenB >> sew, UInt((8 << sew).W)))(elem_eidx)
[warn]                                                                              ^
[warn] generators/saturn/src/main/scala/exu/PermuteUnit.scala 43:78: [W004] Dynamic index with width 128 is too wide for Vec of size 8 (expected index width 3).
[warn]     io.pipe(0).bits.rvs2_data.asTypeOf(Vec(dLenB >> sew, UInt((8 << sew).W)))(elem_eidx)
[warn]                                                                              ^
[warn] generators/saturn/src/main/scala/exu/PermuteUnit.scala 43:78: [W004] Dynamic index with width 128 is too wide for Vec of size 4 (expected index width 2).
[warn]     io.pipe(0).bits.rvs2_data.asTypeOf(Vec(dLenB >> sew, UInt((8 << sew).W)))(elem_eidx)
[warn]                                                                              ^
[warn] generators/saturn/src/main/scala/exu/PermuteUnit.scala 43:78: [W004] Dynamic index with width 128 is too wide for Vec of size 2 (expected index width 1).
[warn]     io.pipe(0).bits.rvs2_data.asTypeOf(Vec(dLenB >> sew, UInt((8 << sew).W)))(elem_eidx)
[warn]                                                                              ^
[warn] generators/saturn/src/main/scala/common/Bundles.scala 213:35: [W001] Casting non-literal UInt to saturn.common.OPFFunct6. You can use saturn.common.OPFFunct6.safe to cast without this warning.
[warn]   def opff6 = Mux(isOpf, OPFFunct6(funct6), OPFFunct6.illegal)
[warn]                                   ^
[warn] generators/saturn/src/main/scala/backend/SpecialSequencer.scala 102:103: [W004] Dynamic index with width 3 is too wide for Vec of size 4 (expected index width 2).
[warn]       (dis_ctrl.bool(AccInitPos)   , VecInit.tabulate(4)({sew => Fill(dLenB >> sew, maxPosUInt(sew))})(dis_vd_eew)),
[warn]                                                                                                       ^
[warn] generators/saturn/src/main/scala/backend/SpecialSequencer.scala 103:103: [W004] Dynamic index with width 3 is too wide for Vec of size 4 (expected index width 2).
[warn]       (dis_ctrl.bool(AccInitNeg)   , VecInit.tabulate(4)({sew => Fill(dLenB >> sew, minNegUInt(sew))})(dis_vd_eew)),
[warn]                                                                                                       ^
[warn] generators/saturn/src/main/scala/backend/SpecialSequencer.scala 104:92: [W004] Dynamic index with width 3 is too wide for Vec of size 4 (expected index width 2).
[warn]       (acc_init_fp_pos, VecInit.tabulate(4)({sew => Fill(dLenB >> sew, maxPosFPUInt(sew))})(dis_vd_eew)),
[warn]                                                                                            ^
[warn] generators/saturn/src/main/scala/backend/SpecialSequencer.scala 105:92: [W004] Dynamic index with width 3 is too wide for Vec of size 4 (expected index width 2).
[warn]       (acc_init_fp_neg, VecInit.tabulate(4)({sew => Fill(dLenB >> sew, minNegFPUInt(sew))})(dis_vd_eew))
[warn]                                                                                            ^
[warn] generators/saturn/src/main/scala/backend/SpecialSequencer.scala 161:70: [W004] Dynamic index with width 3 is too wide for Vec of size 4 (expected index width 2).
[warn]     VecInit.tabulate(4)({sew => Fill(dLenB >> sew, maxPosUInt(sew))})(vd_eew),
[warn]                                                                      ^
[warn] generators/saturn/src/main/scala/backend/SpecialSequencer.scala 162:70: [W004] Dynamic index with width 3 is too wide for Vec of size 4 (expected index width 2).
[warn]     VecInit.tabulate(4)({sew => Fill(dLenB >> sew, minNegUInt(sew))})(vd_eew),
[warn]                                                                      ^
[warn] generators/saturn/src/main/scala/backend/SpecialSequencer.scala 163:72: [W004] Dynamic index with width 3 is too wide for Vec of size 4 (expected index width 2).
[warn]     VecInit.tabulate(4)({sew => Fill(dLenB >> sew, maxPosFPUInt(sew))})(vd_eew),
[warn]                                                                        ^
[warn] generators/saturn/src/main/scala/backend/SpecialSequencer.scala 164:72: [W004] Dynamic index with width 3 is too wide for Vec of size 4 (expected index width 2).
[warn]     VecInit.tabulate(4)({sew => Fill(dLenB >> sew, minNegFPUInt(sew))})(vd_eew)
[warn]                                                                        ^
[warn] generators/saturn/src/main/scala/common/Parameters.scala 446:5: [W004] Dynamic index with width 3 is too wide for Vec of size 4 (expected index width 2).
[warn]   })(emul)
[warn]     ^
[warn] generators/saturn/src/main/scala/backend/Backend.scala 321:104: [W004] Dynamic index with width 4 is too wide for Vec of size 4 (expected index width 2).
[warn]         val folded = VecInit.tabulate(log2Ceil(dLenB))(i => acc_data((dLen >> i) - 1, dLen >> (i + 1)))(acc_fold_id)
[warn]                                                                                                        ^
[warn] generators/saturn/src/main/scala/common/Compactor.scala 41:53: [W004] Dynamic index with width 5 is too wide for Vec of size 16 (expected index width 4).
[warn]     (0 until in.size).map { i => VecInit(in.drop(i))(shamt) }
[warn]                                                     ^
[warn] generators/saturn/src/main/scala/common/Compactor.scala 41:53: [W004] Dynamic index with width 5 is too wide for Vec of size 15 (expected index width 4).
[warn]     (0 until in.size).map { i => VecInit(in.drop(i))(shamt) }
[warn]                                                     ^
[warn] generators/saturn/src/main/scala/common/Compactor.scala 41:53: [W004] Dynamic index with width 5 is too wide for Vec of size 14 (expected index width 4).
[warn]     (0 until in.size).map { i => VecInit(in.drop(i))(shamt) }
[warn]                                                     ^
[warn] generators/saturn/src/main/scala/common/Compactor.scala 41:53: [W004] Dynamic index with width 5 is too wide for Vec of size 13 (expected index width 4).
[warn]     (0 until in.size).map { i => VecInit(in.drop(i))(shamt) }
[warn]                                                     ^
[warn] generators/saturn/src/main/scala/common/Compactor.scala 41:53: [W004] Dynamic index with width 5 is too wide for Vec of size 12 (expected index width 4).
[warn]     (0 until in.size).map { i => VecInit(in.drop(i))(shamt) }
[warn]                                                     ^
[warn] generators/saturn/src/main/scala/common/Compactor.scala 41:53: [W004] Dynamic index with width 5 is too wide for Vec of size 11 (expected index width 4).
[warn]     (0 until in.size).map { i => VecInit(in.drop(i))(shamt) }
[warn]                                                     ^
[warn] generators/saturn/src/main/scala/common/Compactor.scala 41:53: [W004] Dynamic index with width 5 is too wide for Vec of size 10 (expected index width 4).
[warn]     (0 until in.size).map { i => VecInit(in.drop(i))(shamt) }
[warn]                                                     ^
[warn] generators/saturn/src/main/scala/common/Compactor.scala 41:53: [W004] Dynamic index with width 5 is too wide for Vec of size 9 (expected index width 4).
[warn]     (0 until in.size).map { i => VecInit(in.drop(i))(shamt) }
[warn]                                                     ^
[warn] generators/saturn/src/main/scala/common/Compactor.scala 41:53: [W004] Dynamic index with width 5 is too wide for Vec of size 8 (expected index width 3).
[warn]     (0 until in.size).map { i => VecInit(in.drop(i))(shamt) }
[warn]                                                     ^
[warn] generators/saturn/src/main/scala/common/Compactor.scala 41:53: [W004] Dynamic index with width 5 is too wide for Vec of size 7 (expected index width 3).
[warn]     (0 until in.size).map { i => VecInit(in.drop(i))(shamt) }
[warn]                                                     ^
[warn] generators/saturn/src/main/scala/common/Compactor.scala 41:53: [W004] Dynamic index with width 5 is too wide for Vec of size 6 (expected index width 3).
[warn]     (0 until in.size).map { i => VecInit(in.drop(i))(shamt) }
[warn]                                                     ^
[warn] generators/saturn/src/main/scala/common/Compactor.scala 41:53: [W004] Dynamic index with width 5 is too wide for Vec of size 5 (expected index width 3).
[warn]     (0 until in.size).map { i => VecInit(in.drop(i))(shamt) }
[warn]                                                     ^
[warn] generators/saturn/src/main/scala/common/Compactor.scala 41:53: [W004] Dynamic index with width 5 is too wide for Vec of size 4 (expected index width 2).
[warn]     (0 until in.size).map { i => VecInit(in.drop(i))(shamt) }
[warn]                                                     ^
[warn] generators/saturn/src/main/scala/common/Compactor.scala 41:53: [W004] Dynamic index with width 5 is too wide for Vec of size 3 (expected index width 2).
[warn]     (0 until in.size).map { i => VecInit(in.drop(i))(shamt) }
[warn]                                                     ^
[warn] generators/saturn/src/main/scala/common/Compactor.scala 41:53: [W004] Dynamic index with width 5 is too wide for Vec of size 2 (expected index width 1).
[warn]     (0 until in.size).map { i => VecInit(in.drop(i))(shamt) }
[warn]                                                     ^
[warn] generators/saturn/src/main/scala/common/Compactor.scala 41:53: [W004] Dynamic index with width 5 is too wide for Vec of size 1 (expected index width 0).
[warn]     (0 until in.size).map { i => VecInit(in.drop(i))(shamt) }
[warn]                                                     ^
[warn] generators/saturn/src/main/scala/common/Compactor.scala 41:53: [W004] Dynamic index with width 6 is too wide for Vec of size 32 (expected index width 5).
[warn]     (0 until in.size).map { i => VecInit(in.drop(i))(shamt) }
[warn]                                                     ^
[warn] generators/saturn/src/main/scala/common/Compactor.scala 41:53: [W004] Dynamic index with width 6 is too wide for Vec of size 31 (expected index width 5).
[warn]     (0 until in.size).map { i => VecInit(in.drop(i))(shamt) }
[warn]                                                     ^
[warn] generators/saturn/src/main/scala/common/Compactor.scala 41:53: [W004] Dynamic index with width 6 is too wide for Vec of size 30 (expected index width 5).
[warn]     (0 until in.size).map { i => VecInit(in.drop(i))(shamt) }
[warn]                                                     ^
[warn] generators/saturn/src/main/scala/common/Compactor.scala 41:53: [W004] Dynamic index with width 6 is too wide for Vec of size 29 (expected index width 5).
[warn]     (0 until in.size).map { i => VecInit(in.drop(i))(shamt) }
[warn]                                                     ^
[warn] generators/saturn/src/main/scala/common/Compactor.scala 41:53: [W004] Dynamic index with width 6 is too wide for Vec of size 28 (expected index width 5).
[warn]     (0 until in.size).map { i => VecInit(in.drop(i))(shamt) }
[warn]                                                     ^
[warn] generators/saturn/src/main/scala/common/Compactor.scala 41:53: [W004] Dynamic index with width 6 is too wide for Vec of size 27 (expected index width 5).
[warn]     (0 until in.size).map { i => VecInit(in.drop(i))(shamt) }
[warn]                                                     ^
[warn] generators/saturn/src/main/scala/common/Compactor.scala 41:53: [W004] Dynamic index with width 6 is too wide for Vec of size 26 (expected index width 5).
[warn]     (0 until in.size).map { i => VecInit(in.drop(i))(shamt) }
[warn]                                                     ^
[warn] generators/saturn/src/main/scala/common/Compactor.scala 41:53: [W004] Dynamic index with width 6 is too wide for Vec of size 25 (expected index width 5).
[warn]     (0 until in.size).map { i => VecInit(in.drop(i))(shamt) }
[warn]                                                     ^
[warn] generators/saturn/src/main/scala/common/Compactor.scala 41:53: [W004] Dynamic index with width 6 is too wide for Vec of size 24 (expected index width 5).
[warn]     (0 until in.size).map { i => VecInit(in.drop(i))(shamt) }
[warn]                                                     ^
[warn] generators/saturn/src/main/scala/common/Compactor.scala 41:53: [W004] Dynamic index with width 6 is too wide for Vec of size 23 (expected index width 5).
[warn]     (0 until in.size).map { i => VecInit(in.drop(i))(shamt) }
[warn]                                                     ^
[warn] generators/saturn/src/main/scala/common/Compactor.scala 41:53: [W004] Dynamic index with width 6 is too wide for Vec of size 22 (expected index width 5).
[warn]     (0 until in.size).map { i => VecInit(in.drop(i))(shamt) }
[warn]                                                     ^
[warn] generators/saturn/src/main/scala/common/Compactor.scala 41:53: [W004] Dynamic index with width 6 is too wide for Vec of size 21 (expected index width 5).
[warn]     (0 until in.size).map { i => VecInit(in.drop(i))(shamt) }
[warn]                                                     ^
[warn] generators/saturn/src/main/scala/common/Compactor.scala 41:53: [W004] Dynamic index with width 6 is too wide for Vec of size 20 (expected index width 5).
[warn]     (0 until in.size).map { i => VecInit(in.drop(i))(shamt) }
[warn]                                                     ^
[warn] generators/saturn/src/main/scala/common/Compactor.scala 41:53: [W004] Dynamic index with width 6 is too wide for Vec of size 19 (expected index width 5).
[warn]     (0 until in.size).map { i => VecInit(in.drop(i))(shamt) }
[warn]                                                     ^
[warn] generators/saturn/src/main/scala/common/Compactor.scala 41:53: [W004] Dynamic index with width 6 is too wide for Vec of size 18 (expected index width 5).
[warn]     (0 until in.size).map { i => VecInit(in.drop(i))(shamt) }
[warn]                                                     ^
[warn] generators/saturn/src/main/scala/common/Compactor.scala 41:53: [W004] Dynamic index with width 6 is too wide for Vec of size 17 (expected index width 5).
[warn]     (0 until in.size).map { i => VecInit(in.drop(i))(shamt) }
[warn]                                                     ^
[warn] generators/saturn/src/main/scala/common/Compactor.scala 41:53: [W004] Dynamic index with width 6 is too wide for Vec of size 16 (expected index width 4).
[warn]     (0 until in.size).map { i => VecInit(in.drop(i))(shamt) }
[warn]                                                     ^
[warn] generators/saturn/src/main/scala/common/Compactor.scala 41:53: [W004] Dynamic index with width 6 is too wide for Vec of size 15 (expected index width 4).
[warn]     (0 until in.size).map { i => VecInit(in.drop(i))(shamt) }
[warn]                                                     ^
[warn] generators/saturn/src/main/scala/common/Compactor.scala 41:53: [W004] Dynamic index with width 6 is too wide for Vec of size 14 (expected index width 4).
[warn]     (0 until in.size).map { i => VecInit(in.drop(i))(shamt) }
[warn]                                                     ^
[warn] generators/saturn/src/main/scala/common/Compactor.scala 41:53: [W004] Dynamic index with width 6 is too wide for Vec of size 13 (expected index width 4).
[warn]     (0 until in.size).map { i => VecInit(in.drop(i))(shamt) }
[warn]                                                     ^
[warn] generators/saturn/src/main/scala/common/Compactor.scala 41:53: [W004] Dynamic index with width 6 is too wide for Vec of size 12 (expected index width 4).
[warn]     (0 until in.size).map { i => VecInit(in.drop(i))(shamt) }
[warn]                                                     ^
[warn] generators/saturn/src/main/scala/common/Compactor.scala 41:53: [W004] Dynamic index with width 6 is too wide for Vec of size 11 (expected index width 4).
[warn]     (0 until in.size).map { i => VecInit(in.drop(i))(shamt) }
[warn]                                                     ^
[warn] generators/saturn/src/main/scala/common/Compactor.scala 41:53: [W004] Dynamic index with width 6 is too wide for Vec of size 10 (expected index width 4).
[warn]     (0 until in.size).map { i => VecInit(in.drop(i))(shamt) }
[warn]                                                     ^
[warn] generators/saturn/src/main/scala/common/Compactor.scala 41:53: [W004] Dynamic index with width 6 is too wide for Vec of size 9 (expected index width 4).
[warn]     (0 until in.size).map { i => VecInit(in.drop(i))(shamt) }
[warn]                                                     ^
[warn] generators/saturn/src/main/scala/common/Compactor.scala 41:53: [W004] Dynamic index with width 6 is too wide for Vec of size 8 (expected index width 3).
[warn]     (0 until in.size).map { i => VecInit(in.drop(i))(shamt) }
[warn]                                                     ^
[warn] generators/saturn/src/main/scala/common/Compactor.scala 41:53: [W004] Dynamic index with width 6 is too wide for Vec of size 7 (expected index width 3).
[warn]     (0 until in.size).map { i => VecInit(in.drop(i))(shamt) }
[warn]                                                     ^
[warn] generators/saturn/src/main/scala/common/Compactor.scala 41:53: [W004] Dynamic index with width 6 is too wide for Vec of size 6 (expected index width 3).
[warn]     (0 until in.size).map { i => VecInit(in.drop(i))(shamt) }
[warn]                                                     ^
[warn] generators/saturn/src/main/scala/common/Compactor.scala 41:53: [W004] Dynamic index with width 6 is too wide for Vec of size 5 (expected index width 3).
[warn]     (0 until in.size).map { i => VecInit(in.drop(i))(shamt) }
[warn]                                                     ^
[warn] generators/saturn/src/main/scala/common/Compactor.scala 41:53: [W004] Dynamic index with width 6 is too wide for Vec of size 4 (expected index width 2).
[warn]     (0 until in.size).map { i => VecInit(in.drop(i))(shamt) }
[warn]                                                     ^
[warn] generators/saturn/src/main/scala/common/Compactor.scala 41:53: [W004] Dynamic index with width 6 is too wide for Vec of size 3 (expected index width 2).
[warn]     (0 until in.size).map { i => VecInit(in.drop(i))(shamt) }
[warn]                                                     ^
[warn] generators/saturn/src/main/scala/common/Compactor.scala 41:53: [W004] Dynamic index with width 6 is too wide for Vec of size 2 (expected index width 1).
[warn]     (0 until in.size).map { i => VecInit(in.drop(i))(shamt) }
[warn]                                                     ^
[warn] generators/saturn/src/main/scala/common/Compactor.scala 41:53: [W004] Dynamic index with width 6 is too wide for Vec of size 1 (expected index width 0).
[warn]     (0 until in.size).map { i => VecInit(in.drop(i))(shamt) }
[warn]                                                     ^
[warn] generators/saturn/src/main/scala/common/Compactor.scala 41:53: [W004] Dynamic index with width 7 is too wide for Vec of size 32 (expected index width 5).
[warn]     (0 until in.size).map { i => VecInit(in.drop(i))(shamt) }
[warn]                                                     ^
[warn] generators/saturn/src/main/scala/common/Compactor.scala 41:53: [W004] Dynamic index with width 7 is too wide for Vec of size 31 (expected index width 5).
[warn]     (0 until in.size).map { i => VecInit(in.drop(i))(shamt) }
[warn]                                                     ^
[warn] generators/saturn/src/main/scala/common/Compactor.scala 41:53: [W004] Dynamic index with width 7 is too wide for Vec of size 30 (expected index width 5).
[warn]     (0 until in.size).map { i => VecInit(in.drop(i))(shamt) }
[warn]                                                     ^
[warn] generators/saturn/src/main/scala/common/Compactor.scala 41:53: [W004] Dynamic index with width 7 is too wide for Vec of size 29 (expected index width 5).
[warn]     (0 until in.size).map { i => VecInit(in.drop(i))(shamt) }
[warn]                                                     ^
[warn] generators/saturn/src/main/scala/common/Compactor.scala 41:53: [W004] Dynamic index with width 7 is too wide for Vec of size 28 (expected index width 5).
[warn]     (0 until in.size).map { i => VecInit(in.drop(i))(shamt) }
[warn]                                                     ^
[warn] generators/saturn/src/main/scala/common/Compactor.scala 41:53: [W004] Dynamic index with width 7 is too wide for Vec of size 27 (expected index width 5).
[warn]     (0 until in.size).map { i => VecInit(in.drop(i))(shamt) }
[warn]                                                     ^
[warn] generators/saturn/src/main/scala/common/Compactor.scala 41:53: [W004] Dynamic index with width 7 is too wide for Vec of size 26 (expected index width 5).
[warn]     (0 until in.size).map { i => VecInit(in.drop(i))(shamt) }
[warn]                                                     ^
[warn] generators/saturn/src/main/scala/common/Compactor.scala 41:53: [W004] Dynamic index with width 7 is too wide for Vec of size 25 (expected index width 5).
[warn]     (0 until in.size).map { i => VecInit(in.drop(i))(shamt) }
[warn]                                                     ^
[warn] generators/saturn/src/main/scala/common/Compactor.scala 41:53: [W004] Dynamic index with width 7 is too wide for Vec of size 24 (expected index width 5).
[warn]     (0 until in.size).map { i => VecInit(in.drop(i))(shamt) }
[warn]                                                     ^
[warn] generators/saturn/src/main/scala/common/Compactor.scala 41:53: [W004] Dynamic index with width 7 is too wide for Vec of size 23 (expected index width 5).
[warn]     (0 until in.size).map { i => VecInit(in.drop(i))(shamt) }
[warn]                                                     ^
[warn] generators/saturn/src/main/scala/common/Compactor.scala 41:53: [W004] Dynamic index with width 7 is too wide for Vec of size 22 (expected index width 5).
[warn]     (0 until in.size).map { i => VecInit(in.drop(i))(shamt) }
[warn]                                                     ^
[warn] generators/saturn/src/main/scala/common/Compactor.scala 41:53: [W004] Dynamic index with width 7 is too wide for Vec of size 21 (expected index width 5).
[warn]     (0 until in.size).map { i => VecInit(in.drop(i))(shamt) }
[warn]                                                     ^
[warn] generators/saturn/src/main/scala/common/Compactor.scala 41:53: [W004] Dynamic index with width 7 is too wide for Vec of size 20 (expected index width 5).
[warn]     (0 until in.size).map { i => VecInit(in.drop(i))(shamt) }
[warn]                                                     ^
[warn] generators/saturn/src/main/scala/common/Compactor.scala 41:53: [W004] Dynamic index with width 7 is too wide for Vec of size 19 (expected index width 5).
[warn]     (0 until in.size).map { i => VecInit(in.drop(i))(shamt) }
[warn]                                                     ^
[warn] generators/saturn/src/main/scala/common/Compactor.scala 41:53: [W004] Dynamic index with width 7 is too wide for Vec of size 18 (expected index width 5).
[warn]     (0 until in.size).map { i => VecInit(in.drop(i))(shamt) }
[warn]                                                     ^
[warn] generators/saturn/src/main/scala/common/Compactor.scala 41:53: [W004] Dynamic index with width 7 is too wide for Vec of size 17 (expected index width 5).
[warn]     (0 until in.size).map { i => VecInit(in.drop(i))(shamt) }
[warn]                                                     ^
[warn] generators/saturn/src/main/scala/common/Compactor.scala 41:53: [W004] Dynamic index with width 7 is too wide for Vec of size 16 (expected index width 4).
[warn]     (0 until in.size).map { i => VecInit(in.drop(i))(shamt) }
[warn]                                                     ^
[warn] generators/saturn/src/main/scala/common/Compactor.scala 41:53: [W004] Dynamic index with width 7 is too wide for Vec of size 15 (expected index width 4).
[warn]     (0 until in.size).map { i => VecInit(in.drop(i))(shamt) }
[warn]                                                     ^
[warn] generators/saturn/src/main/scala/common/Compactor.scala 41:53: [W004] Dynamic index with width 7 is too wide for Vec of size 14 (expected index width 4).
[warn]     (0 until in.size).map { i => VecInit(in.drop(i))(shamt) }
[warn]                                                     ^
[warn] generators/saturn/src/main/scala/common/Compactor.scala 41:53: [W004] Dynamic index with width 7 is too wide for Vec of size 13 (expected index width 4).
[warn]     (0 until in.size).map { i => VecInit(in.drop(i))(shamt) }
[warn]                                                     ^
[warn] generators/saturn/src/main/scala/common/Compactor.scala 41:53: [W004] Dynamic index with width 7 is too wide for Vec of size 12 (expected index width 4).
[warn]     (0 until in.size).map { i => VecInit(in.drop(i))(shamt) }
[warn]                                                     ^
[warn] generators/saturn/src/main/scala/common/Compactor.scala 41:53: [W004] Dynamic index with width 7 is too wide for Vec of size 11 (expected index width 4).
[warn]     (0 until in.size).map { i => VecInit(in.drop(i))(shamt) }
[warn]                                                     ^
[warn] generators/saturn/src/main/scala/common/Compactor.scala 41:53: [W004] Dynamic index with width 7 is too wide for Vec of size 10 (expected index width 4).
[warn]     (0 until in.size).map { i => VecInit(in.drop(i))(shamt) }
[warn]                                                     ^
[warn] generators/saturn/src/main/scala/common/Compactor.scala 41:53: [W004] Dynamic index with width 7 is too wide for Vec of size 9 (expected index width 4).
[warn]     (0 until in.size).map { i => VecInit(in.drop(i))(shamt) }
[warn]                                                     ^
[warn] generators/saturn/src/main/scala/common/Compactor.scala 41:53: [W004] Dynamic index with width 7 is too wide for Vec of size 8 (expected index width 3).
[warn]     (0 until in.size).map { i => VecInit(in.drop(i))(shamt) }
[warn]                                                     ^
[warn] generators/saturn/src/main/scala/common/Compactor.scala 41:53: [W004] Dynamic index with width 7 is too wide for Vec of size 7 (expected index width 3).
[warn]     (0 until in.size).map { i => VecInit(in.drop(i))(shamt) }
[warn]                                                     ^
[warn] generators/saturn/src/main/scala/common/Compactor.scala 41:53: [W004] Dynamic index with width 7 is too wide for Vec of size 6 (expected index width 3).
[warn]     (0 until in.size).map { i => VecInit(in.drop(i))(shamt) }
[warn]                                                     ^
[warn] generators/saturn/src/main/scala/common/Compactor.scala 41:53: [W004] Dynamic index with width 7 is too wide for Vec of size 5 (expected index width 3).
[warn]     (0 until in.size).map { i => VecInit(in.drop(i))(shamt) }
[warn]                                                     ^
[warn] generators/saturn/src/main/scala/common/Compactor.scala 41:53: [W004] Dynamic index with width 7 is too wide for Vec of size 4 (expected index width 2).
[warn]     (0 until in.size).map { i => VecInit(in.drop(i))(shamt) }
[warn]                                                     ^
[warn] generators/saturn/src/main/scala/common/Compactor.scala 41:53: [W004] Dynamic index with width 7 is too wide for Vec of size 3 (expected index width 2).
[warn]     (0 until in.size).map { i => VecInit(in.drop(i))(shamt) }
[warn]                                                     ^
[warn] generators/saturn/src/main/scala/common/Compactor.scala 41:53: [W004] Dynamic index with width 7 is too wide for Vec of size 2 (expected index width 1).
[warn]     (0 until in.size).map { i => VecInit(in.drop(i))(shamt) }
[warn]                                                     ^
[warn] generators/saturn/src/main/scala/common/Compactor.scala 41:53: [W004] Dynamic index with width 7 is too wide for Vec of size 1 (expected index width 0).
[warn]     (0 until in.size).map { i => VecInit(in.drop(i))(shamt) }
[warn]                                                     ^
[warn] generators/saturn/src/main/scala/common/Compactor.scala 41:53: [W004] Dynamic index with width 4 is too wide for Vec of size 8 (expected index width 3).
[warn]     (0 until in.size).map { i => VecInit(in.drop(i))(shamt) }
[warn]                                                     ^
[warn] generators/saturn/src/main/scala/common/Compactor.scala 41:53: [W004] Dynamic index with width 4 is too wide for Vec of size 7 (expected index width 3).
[warn]     (0 until in.size).map { i => VecInit(in.drop(i))(shamt) }
[warn]                                                     ^
[warn] generators/saturn/src/main/scala/common/Compactor.scala 41:53: [W004] Dynamic index with width 4 is too wide for Vec of size 6 (expected index width 3).
[warn]     (0 until in.size).map { i => VecInit(in.drop(i))(shamt) }
[warn]                                                     ^
[warn] generators/saturn/src/main/scala/common/Compactor.scala 41:53: [W004] Dynamic index with width 4 is too wide for Vec of size 5 (expected index width 3).
[warn]     (0 until in.size).map { i => VecInit(in.drop(i))(shamt) }
[warn]                                                     ^
[warn] generators/saturn/src/main/scala/common/Compactor.scala 41:53: [W004] Dynamic index with width 4 is too wide for Vec of size 4 (expected index width 2).
[warn]     (0 until in.size).map { i => VecInit(in.drop(i))(shamt) }
[warn]                                                     ^
[warn] generators/saturn/src/main/scala/common/Compactor.scala 41:53: [W004] Dynamic index with width 4 is too wide for Vec of size 3 (expected index width 2).
[warn]     (0 until in.size).map { i => VecInit(in.drop(i))(shamt) }
[warn]                                                     ^
[warn] generators/saturn/src/main/scala/common/Compactor.scala 41:53: [W004] Dynamic index with width 4 is too wide for Vec of size 2 (expected index width 1).
[warn]     (0 until in.size).map { i => VecInit(in.drop(i))(shamt) }
[warn]                                                     ^
[warn] generators/saturn/src/main/scala/common/Compactor.scala 41:53: [W004] Dynamic index with width 4 is too wide for Vec of size 1 (expected index width 0).
[warn]     (0 until in.size).map { i => VecInit(in.drop(i))(shamt) }
[warn]                                                     ^
[warn] generators/saturn/src/main/scala/frontend/EarlyDecode.scala 57:49: [W001] Casting non-literal UInt to saturn.common.OPMFunct6. You can use saturn.common.OPMFunct6.safe to cast without this warning.
[warn]     io.write_rd := funct3 === OPMVV && OPMFunct6(funct6) === OPMFunct6.wrxunary0
[warn]                                                 ^
[warn] generators/saturn/src/main/scala/frontend/EarlyDecode.scala 58:50: [W001] Casting non-literal UInt to saturn.common.OPFFunct6. You can use saturn.common.OPFFunct6.safe to cast without this warning.
[warn]     io.write_frd := funct3 === OPFVV && OPFFunct6(funct6) === OPFFunct6.wrfunary0
[warn]                                                  ^
[warn] There were 152 warning(s) during hardware elaboration.
echo "$mfc_extra_anno_contents" > /home/ray/chipyard/sims/verilator/generated-src/chipyard.harness.TestHarness.GENV256D128GemminiShuttleDeepMshrConfig/chipyard.harness.TestHarness.GENV256D128GemminiShuttleDeepMshrConfig.extrafirtool.anno.json
jq -s '[.[][]]' /home/ray/chipyard/sims/verilator/generated-src/chipyard.harness.TestHarness.GENV256D128GemminiShuttleDeepMshrConfig/chipyard.harness.TestHarness.GENV256D128GemminiShuttleDeepMshrConfig.anno.json /home/ray/chipyard/sims/verilator/generated-src/chipyard.harness.TestHarness.GENV256D128GemminiShuttleDeepMshrConfig/chipyard.harness.TestHarness.GENV256D128GemminiShuttleDeepMshrConfig.extrafirtool.anno.json > /home/ray/chipyard/sims/verilator/generated-src/chipyard.harness.TestHarness.GENV256D128GemminiShuttleDeepMshrConfig/chipyard.harness.TestHarness.GENV256D128GemminiShuttleDeepMshrConfig.appended.anno.json
rm -rf /home/ray/chipyard/sims/verilator/generated-src/chipyard.harness.TestHarness.GENV256D128GemminiShuttleDeepMshrConfig/gen-collateral
(set -o pipefail && firtool \
		--format=fir \
		--export-module-hierarchy \
		--verify-each=true \
		--warn-on-unprocessed-annotations \
		--disable-annotation-classless \
		--disable-annotation-unknown \
		--mlir-timing \
		--lowering-options=emittedLineLength=2048,noAlwaysComb,disallowLocalVariables,verifLabels,disallowPortDeclSharing,locationInfoStyle=wrapInAtSquareBracket \
		--repl-seq-mem \
		--repl-seq-mem-file=/home/ray/chipyard/sims/verilator/generated-src/chipyard.harness.TestHarness.GENV256D128GemminiShuttleDeepMshrConfig/chipyard.harness.TestHarness.GENV256D128GemminiShuttleDeepMshrConfig.mems.conf \
		--annotation-file=/home/ray/chipyard/sims/verilator/generated-src/chipyard.harness.TestHarness.GENV256D128GemminiShuttleDeepMshrConfig/chipyard.harness.TestHarness.GENV256D128GemminiShuttleDeepMshrConfig.appended.anno.json \
		--split-verilog \
		 \
		-o /home/ray/chipyard/sims/verilator/generated-src/chipyard.harness.TestHarness.GENV256D128GemminiShuttleDeepMshrConfig/gen-collateral \
		/home/ray/chipyard/sims/verilator/generated-src/chipyard.harness.TestHarness.GENV256D128GemminiShuttleDeepMshrConfig/chipyard.harness.TestHarness.GENV256D128GemminiShuttleDeepMshrConfig.fir |& tee /home/ray/chipyard/sims/verilator/generated-src/chipyard.harness.TestHarness.GENV256D128GemminiShuttleDeepMshrConfig/chipyard.harness.TestHarness.GENV256D128GemminiShuttleDeepMshrConfig.firtool.log)
generators/rocket-chip/src/main/scala/tilelink/Monitor.scala:35:7: warning: module contains 114 printf-encoded verification operation(s), which are deprecated and will be removed in the future
generators/rocket-chip/src/main/scala/tilelink/Monitor.scala:44:11: note: example printf here, will just be a printf in the future
generators/rocket-chip/src/main/scala/tilelink/Monitor.scala:35:7: note: For more information, see https://github.com/llvm/circt/issues/6970
generators/rocket-chip/src/main/scala/tilelink/Monitor.scala:35:7: warning: module contains 114 printf-encoded verification operation(s), which are deprecated and will be removed in the future
generators/rocket-chip/src/main/scala/tilelink/Monitor.scala:44:11: note: example printf here, will just be a printf in the future
generators/rocket-chip/src/main/scala/tilelink/Monitor.scala:35:7: note: For more information, see https://github.com/llvm/circt/issues/6970
generators/rocket-chip/src/main/scala/tilelink/Monitor.scala:35:7: warning: module contains 210 printf-encoded verification operation(s), which are deprecated and will be removed in the future
generators/rocket-chip/src/main/scala/tilelink/Monitor.scala:44:11: note: example printf here, will just be a printf in the future
generators/rocket-chip/src/main/scala/tilelink/Monitor.scala:35:7: note: For more information, see https://github.com/llvm/circt/issues/6970
generators/rocket-chip/src/main/scala/tilelink/Xbar.scala:74:9: warning: module contains 15 printf-encoded verification operation(s), which are deprecated and will be removed in the future
generators/rocket-chip/src/main/scala/tilelink/Arbiter.scala:22:12: note: example printf here, will just be a printf in the future
generators/rocket-chip/src/main/scala/tilelink/Xbar.scala:74:9: note: For more information, see https://github.com/llvm/circt/issues/6970
generators/rocket-chip/src/main/scala/tilelink/Monitor.scala:35:7: warning: module contains 114 printf-encoded verification operation(s), which are deprecated and will be removed in the future
generators/rocket-chip/src/main/scala/tilelink/Monitor.scala:44:11: note: example printf here, will just be a printf in the future
generators/rocket-chip/src/main/scala/tilelink/Monitor.scala:35:7: note: For more information, see https://github.com/llvm/circt/issues/6970
generators/rocket-chip/src/main/scala/tilelink/Monitor.scala:35:7: warning: module contains 114 printf-encoded verification operation(s), which are deprecated and will be removed in the future
generators/rocket-chip/src/main/scala/tilelink/Monitor.scala:44:11: note: example printf here, will just be a printf in the future
generators/rocket-chip/src/main/scala/tilelink/Monitor.scala:35:7: note: For more information, see https://github.com/llvm/circt/issues/6970
generators/rocket-chip/src/main/scala/tilelink/Monitor.scala:35:7: warning: module contains 112 printf-encoded verification operation(s), which are deprecated and will be removed in the future
generators/rocket-chip/src/main/scala/tilelink/Monitor.scala:44:11: note: example printf here, will just be a printf in the future
generators/rocket-chip/src/main/scala/tilelink/Monitor.scala:35:7: note: For more information, see https://github.com/llvm/circt/issues/6970
generators/rocket-chip/src/main/scala/tilelink/Xbar.scala:74:9: warning: module contains 3 printf-encoded verification operation(s), which are deprecated and will be removed in the future
generators/rocket-chip/src/main/scala/tilelink/Arbiter.scala:22:12: note: example printf here, will just be a printf in the future
generators/rocket-chip/src/main/scala/tilelink/Xbar.scala:74:9: note: For more information, see https://github.com/llvm/circt/issues/6970
generators/rocket-chip/src/main/scala/tilelink/Monitor.scala:35:7: warning: module contains 114 printf-encoded verification operation(s), which are deprecated and will be removed in the future
generators/rocket-chip/src/main/scala/tilelink/Monitor.scala:44:11: note: example printf here, will just be a printf in the future
generators/rocket-chip/src/main/scala/tilelink/Monitor.scala:35:7: note: For more information, see https://github.com/llvm/circt/issues/6970
generators/rocket-chip/src/main/scala/tilelink/Monitor.scala:35:7: warning: module contains 114 printf-encoded verification operation(s), which are deprecated and will be removed in the future
generators/rocket-chip/src/main/scala/tilelink/Monitor.scala:44:11: note: example printf here, will just be a printf in the future
generators/rocket-chip/src/main/scala/tilelink/Monitor.scala:35:7: note: For more information, see https://github.com/llvm/circt/issues/6970
generators/rocket-chip/src/main/scala/tilelink/AtomicAutomata.scala:36:9: warning: module contains 2 printf-encoded verification operation(s), which are deprecated and will be removed in the future
generators/rocket-chip/src/main/scala/tilelink/Arbiter.scala:77:13: note: example printf here, will just be a printf in the future
generators/rocket-chip/src/main/scala/tilelink/AtomicAutomata.scala:36:9: note: For more information, see https://github.com/llvm/circt/issues/6970
generators/rocket-chip/src/main/scala/tilelink/Monitor.scala:35:7: warning: module contains 114 printf-encoded verification operation(s), which are deprecated and will be removed in the future
generators/rocket-chip/src/main/scala/tilelink/Monitor.scala:44:11: note: example printf here, will just be a printf in the future
generators/rocket-chip/src/main/scala/tilelink/Monitor.scala:35:7: note: For more information, see https://github.com/llvm/circt/issues/6970
generators/rocket-chip/src/main/scala/tilelink/Monitor.scala:35:7: warning: module contains 112 printf-encoded verification operation(s), which are deprecated and will be removed in the future
generators/rocket-chip/src/main/scala/tilelink/Monitor.scala:44:11: note: example printf here, will just be a printf in the future
generators/rocket-chip/src/main/scala/tilelink/Monitor.scala:35:7: note: For more information, see https://github.com/llvm/circt/issues/6970
generators/rocket-chip/src/main/scala/tilelink/Fragmenter.scala:92:9: warning: module contains 3 printf-encoded verification operation(s), which are deprecated and will be removed in the future
generators/rocket-chip/src/main/scala/tilelink/Fragmenter.scala:214:16: note: example printf here, will just be a printf in the future
generators/rocket-chip/src/main/scala/tilelink/Fragmenter.scala:92:9: note: For more information, see https://github.com/llvm/circt/issues/6970
generators/rocket-chip/src/main/scala/tilelink/Monitor.scala:35:7: warning: module contains 112 printf-encoded verification operation(s), which are deprecated and will be removed in the future
generators/rocket-chip/src/main/scala/tilelink/Monitor.scala:44:11: note: example printf here, will just be a printf in the future
generators/rocket-chip/src/main/scala/tilelink/Monitor.scala:35:7: note: For more information, see https://github.com/llvm/circt/issues/6970
generators/rocket-chip/src/main/scala/tilelink/Fragmenter.scala:92:9: warning: module contains 3 printf-encoded verification operation(s), which are deprecated and will be removed in the future
generators/rocket-chip/src/main/scala/tilelink/Fragmenter.scala:214:16: note: example printf here, will just be a printf in the future
generators/rocket-chip/src/main/scala/tilelink/Fragmenter.scala:92:9: note: For more information, see https://github.com/llvm/circt/issues/6970
generators/rocket-chip/src/main/scala/tilelink/Monitor.scala:35:7: warning: module contains 112 printf-encoded verification operation(s), which are deprecated and will be removed in the future
generators/rocket-chip/src/main/scala/tilelink/Monitor.scala:44:11: note: example printf here, will just be a printf in the future
generators/rocket-chip/src/main/scala/tilelink/Monitor.scala:35:7: note: For more information, see https://github.com/llvm/circt/issues/6970
generators/rocket-chip/src/main/scala/tilelink/Monitor.scala:35:7: warning: module contains 114 printf-encoded verification operation(s), which are deprecated and will be removed in the future
generators/rocket-chip/src/main/scala/tilelink/Monitor.scala:44:11: note: example printf here, will just be a printf in the future
generators/rocket-chip/src/main/scala/tilelink/Monitor.scala:35:7: note: For more information, see https://github.com/llvm/circt/issues/6970
generators/rocket-chip/src/main/scala/tilelink/Monitor.scala:35:7: warning: module contains 114 printf-encoded verification operation(s), which are deprecated and will be removed in the future
generators/rocket-chip/src/main/scala/tilelink/Monitor.scala:44:11: note: example printf here, will just be a printf in the future
generators/rocket-chip/src/main/scala/tilelink/Monitor.scala:35:7: note: For more information, see https://github.com/llvm/circt/issues/6970
generators/rocket-chip/src/main/scala/tilelink/Xbar.scala:74:9: warning: module contains 3 printf-encoded verification operation(s), which are deprecated and will be removed in the future
generators/rocket-chip/src/main/scala/tilelink/Arbiter.scala:22:12: note: example printf here, will just be a printf in the future
generators/rocket-chip/src/main/scala/tilelink/Xbar.scala:74:9: note: For more information, see https://github.com/llvm/circt/issues/6970
generators/rocket-chip/src/main/scala/tilelink/Monitor.scala:35:7: warning: module contains 114 printf-encoded verification operation(s), which are deprecated and will be removed in the future
generators/rocket-chip/src/main/scala/tilelink/Monitor.scala:44:11: note: example printf here, will just be a printf in the future
generators/rocket-chip/src/main/scala/tilelink/Monitor.scala:35:7: note: For more information, see https://github.com/llvm/circt/issues/6970
generators/rocket-chip/src/main/scala/tilelink/Monitor.scala:35:7: warning: module contains 114 printf-encoded verification operation(s), which are deprecated and will be removed in the future
generators/rocket-chip/src/main/scala/tilelink/Monitor.scala:44:11: note: example printf here, will just be a printf in the future
generators/rocket-chip/src/main/scala/tilelink/Monitor.scala:35:7: note: For more information, see https://github.com/llvm/circt/issues/6970
generators/rocket-chip/src/main/scala/tilelink/Monitor.scala:35:7: warning: module contains 114 printf-encoded verification operation(s), which are deprecated and will be removed in the future
generators/rocket-chip/src/main/scala/tilelink/Monitor.scala:44:11: note: example printf here, will just be a printf in the future
generators/rocket-chip/src/main/scala/tilelink/Monitor.scala:35:7: note: For more information, see https://github.com/llvm/circt/issues/6970
generators/rocket-chip/src/main/scala/tilelink/Monitor.scala:35:7: warning: module contains 114 printf-encoded verification operation(s), which are deprecated and will be removed in the future
generators/rocket-chip/src/main/scala/tilelink/Monitor.scala:44:11: note: example printf here, will just be a printf in the future
generators/rocket-chip/src/main/scala/tilelink/Monitor.scala:35:7: note: For more information, see https://github.com/llvm/circt/issues/6970
generators/rocket-chip/src/main/scala/tilelink/Monitor.scala:35:7: warning: module contains 114 printf-encoded verification operation(s), which are deprecated and will be removed in the future
generators/rocket-chip/src/main/scala/tilelink/Monitor.scala:44:11: note: example printf here, will just be a printf in the future
generators/rocket-chip/src/main/scala/tilelink/Monitor.scala:35:7: note: For more information, see https://github.com/llvm/circt/issues/6970
generators/rocket-chip/src/main/scala/tilelink/Xbar.scala:74:9: warning: module contains 3 printf-encoded verification operation(s), which are deprecated and will be removed in the future
generators/rocket-chip/src/main/scala/tilelink/Arbiter.scala:22:12: note: example printf here, will just be a printf in the future
generators/rocket-chip/src/main/scala/tilelink/Xbar.scala:74:9: note: For more information, see https://github.com/llvm/circt/issues/6970
generators/rocket-chip/src/main/scala/tilelink/Monitor.scala:35:7: warning: module contains 112 printf-encoded verification operation(s), which are deprecated and will be removed in the future
generators/rocket-chip/src/main/scala/tilelink/Monitor.scala:44:11: note: example printf here, will just be a printf in the future
generators/rocket-chip/src/main/scala/tilelink/Monitor.scala:35:7: note: For more information, see https://github.com/llvm/circt/issues/6970
generators/rocket-chip/src/main/scala/tilelink/Xbar.scala:74:9: warning: module contains 3 printf-encoded verification operation(s), which are deprecated and will be removed in the future
generators/rocket-chip/src/main/scala/tilelink/Arbiter.scala:22:12: note: example printf here, will just be a printf in the future
generators/rocket-chip/src/main/scala/tilelink/Xbar.scala:74:9: note: For more information, see https://github.com/llvm/circt/issues/6970
generators/rocket-chip/src/main/scala/tilelink/Monitor.scala:35:7: warning: module contains 114 printf-encoded verification operation(s), which are deprecated and will be removed in the future
generators/rocket-chip/src/main/scala/tilelink/Monitor.scala:44:11: note: example printf here, will just be a printf in the future
generators/rocket-chip/src/main/scala/tilelink/Monitor.scala:35:7: note: For more information, see https://github.com/llvm/circt/issues/6970
generators/rocket-chip/src/main/scala/tilelink/Monitor.scala:35:7: warning: module contains 114 printf-encoded verification operation(s), which are deprecated and will be removed in the future
generators/rocket-chip/src/main/scala/tilelink/Monitor.scala:44:11: note: example printf here, will just be a printf in the future
generators/rocket-chip/src/main/scala/tilelink/Monitor.scala:35:7: note: For more information, see https://github.com/llvm/circt/issues/6970
generators/rocket-chip/src/main/scala/tilelink/AtomicAutomata.scala:36:9: warning: module contains 2 printf-encoded verification operation(s), which are deprecated and will be removed in the future
generators/rocket-chip/src/main/scala/tilelink/Arbiter.scala:77:13: note: example printf here, will just be a printf in the future
generators/rocket-chip/src/main/scala/tilelink/AtomicAutomata.scala:36:9: note: For more information, see https://github.com/llvm/circt/issues/6970
generators/rocket-chip/src/main/scala/tilelink/Monitor.scala:35:7: warning: module contains 114 printf-encoded verification operation(s), which are deprecated and will be removed in the future
generators/rocket-chip/src/main/scala/tilelink/Monitor.scala:44:11: note: example printf here, will just be a printf in the future
generators/rocket-chip/src/main/scala/tilelink/Monitor.scala:35:7: note: For more information, see https://github.com/llvm/circt/issues/6970
generators/rocket-chip/src/main/scala/devices/tilelink/Error.scala:21:9: warning: module contains 1 printf-encoded verification operation(s), which are deprecated and will be removed in the future
generators/rocket-chip/src/main/scala/devices/tilelink/Error.scala:34:12: note: example printf here, will just be a printf in the future
generators/rocket-chip/src/main/scala/devices/tilelink/Error.scala:21:9: note: For more information, see https://github.com/llvm/circt/issues/6970
generators/rocket-chip/src/main/scala/tilelink/Monitor.scala:35:7: warning: module contains 114 printf-encoded verification operation(s), which are deprecated and will be removed in the future
generators/rocket-chip/src/main/scala/tilelink/Monitor.scala:44:11: note: example printf here, will just be a printf in the future
generators/rocket-chip/src/main/scala/tilelink/Monitor.scala:35:7: note: For more information, see https://github.com/llvm/circt/issues/6970
generators/rocket-chip/src/main/scala/tilelink/Monitor.scala:35:7: warning: module contains 114 printf-encoded verification operation(s), which are deprecated and will be removed in the future
generators/rocket-chip/src/main/scala/tilelink/Monitor.scala:44:11: note: example printf here, will just be a printf in the future
generators/rocket-chip/src/main/scala/tilelink/Monitor.scala:35:7: note: For more information, see https://github.com/llvm/circt/issues/6970
generators/rocket-chip/src/main/scala/tilelink/Monitor.scala:35:7: warning: module contains 114 printf-encoded verification operation(s), which are deprecated and will be removed in the future
generators/rocket-chip/src/main/scala/tilelink/Monitor.scala:44:11: note: example printf here, will just be a printf in the future
generators/rocket-chip/src/main/scala/tilelink/Monitor.scala:35:7: note: For more information, see https://github.com/llvm/circt/issues/6970
generators/rocket-chip/src/main/scala/tilelink/Fragmenter.scala:92:9: warning: module contains 3 printf-encoded verification operation(s), which are deprecated and will be removed in the future
generators/rocket-chip/src/main/scala/tilelink/Fragmenter.scala:214:16: note: example printf here, will just be a printf in the future
generators/rocket-chip/src/main/scala/tilelink/Fragmenter.scala:92:9: note: For more information, see https://github.com/llvm/circt/issues/6970
generators/rocket-chip/src/main/scala/tilelink/Monitor.scala:35:7: warning: module contains 112 printf-encoded verification operation(s), which are deprecated and will be removed in the future
generators/rocket-chip/src/main/scala/tilelink/Monitor.scala:44:11: note: example printf here, will just be a printf in the future
generators/rocket-chip/src/main/scala/tilelink/Monitor.scala:35:7: note: For more information, see https://github.com/llvm/circt/issues/6970
generators/rocket-chip/src/main/scala/tilelink/Fragmenter.scala:92:9: warning: module contains 3 printf-encoded verification operation(s), which are deprecated and will be removed in the future
generators/rocket-chip/src/main/scala/tilelink/Fragmenter.scala:214:16: note: example printf here, will just be a printf in the future
generators/rocket-chip/src/main/scala/tilelink/Fragmenter.scala:92:9: note: For more information, see https://github.com/llvm/circt/issues/6970
generators/rocket-chip/src/main/scala/tilelink/Monitor.scala:35:7: warning: module contains 114 printf-encoded verification operation(s), which are deprecated and will be removed in the future
generators/rocket-chip/src/main/scala/tilelink/Monitor.scala:44:11: note: example printf here, will just be a printf in the future
generators/rocket-chip/src/main/scala/tilelink/Monitor.scala:35:7: note: For more information, see https://github.com/llvm/circt/issues/6970
generators/rocket-chip/src/main/scala/tilelink/Fragmenter.scala:92:9: warning: module contains 3 printf-encoded verification operation(s), which are deprecated and will be removed in the future
generators/rocket-chip/src/main/scala/tilelink/Fragmenter.scala:214:16: note: example printf here, will just be a printf in the future
generators/rocket-chip/src/main/scala/tilelink/Fragmenter.scala:92:9: note: For more information, see https://github.com/llvm/circt/issues/6970
generators/rocket-chip/src/main/scala/tilelink/Monitor.scala:35:7: warning: module contains 112 printf-encoded verification operation(s), which are deprecated and will be removed in the future
generators/rocket-chip/src/main/scala/tilelink/Monitor.scala:44:11: note: example printf here, will just be a printf in the future
generators/rocket-chip/src/main/scala/tilelink/Monitor.scala:35:7: note: For more information, see https://github.com/llvm/circt/issues/6970
generators/rocket-chip/src/main/scala/tilelink/Fragmenter.scala:92:9: warning: module contains 3 printf-encoded verification operation(s), which are deprecated and will be removed in the future
generators/rocket-chip/src/main/scala/tilelink/Fragmenter.scala:214:16: note: example printf here, will just be a printf in the future
generators/rocket-chip/src/main/scala/tilelink/Fragmenter.scala:92:9: note: For more information, see https://github.com/llvm/circt/issues/6970
generators/rocket-chip/src/main/scala/tilelink/Monitor.scala:35:7: warning: module contains 112 printf-encoded verification operation(s), which are deprecated and will be removed in the future
generators/rocket-chip/src/main/scala/tilelink/Monitor.scala:44:11: note: example printf here, will just be a printf in the future
generators/rocket-chip/src/main/scala/tilelink/Monitor.scala:35:7: note: For more information, see https://github.com/llvm/circt/issues/6970
generators/rocket-chip/src/main/scala/tilelink/Fragmenter.scala:92:9: warning: module contains 3 printf-encoded verification operation(s), which are deprecated and will be removed in the future
generators/rocket-chip/src/main/scala/tilelink/Fragmenter.scala:214:16: note: example printf here, will just be a printf in the future
generators/rocket-chip/src/main/scala/tilelink/Fragmenter.scala:92:9: note: For more information, see https://github.com/llvm/circt/issues/6970
generators/rocket-chip/src/main/scala/tilelink/Monitor.scala:35:7: warning: module contains 114 printf-encoded verification operation(s), which are deprecated and will be removed in the future
generators/rocket-chip/src/main/scala/tilelink/Monitor.scala:44:11: note: example printf here, will just be a printf in the future
generators/rocket-chip/src/main/scala/tilelink/Monitor.scala:35:7: note: For more information, see https://github.com/llvm/circt/issues/6970
generators/rocket-chip/src/main/scala/tilelink/Monitor.scala:35:7: warning: module contains 114 printf-encoded verification operation(s), which are deprecated and will be removed in the future
generators/rocket-chip/src/main/scala/tilelink/Monitor.scala:44:11: note: example printf here, will just be a printf in the future
generators/rocket-chip/src/main/scala/tilelink/Monitor.scala:35:7: note: For more information, see https://github.com/llvm/circt/issues/6970
generators/rocket-chip/src/main/scala/tilelink/Xbar.scala:74:9: warning: module contains 3 printf-encoded verification operation(s), which are deprecated and will be removed in the future
generators/rocket-chip/src/main/scala/tilelink/Arbiter.scala:22:12: note: example printf here, will just be a printf in the future
generators/rocket-chip/src/main/scala/tilelink/Xbar.scala:74:9: note: For more information, see https://github.com/llvm/circt/issues/6970
generators/rocket-chip/src/main/scala/tilelink/Monitor.scala:35:7: warning: module contains 114 printf-encoded verification operation(s), which are deprecated and will be removed in the future
generators/rocket-chip/src/main/scala/tilelink/Monitor.scala:44:11: note: example printf here, will just be a printf in the future
generators/rocket-chip/src/main/scala/tilelink/Monitor.scala:35:7: note: For more information, see https://github.com/llvm/circt/issues/6970
generators/rocket-chip/src/main/scala/tilelink/Monitor.scala:35:7: warning: module contains 114 printf-encoded verification operation(s), which are deprecated and will be removed in the future
generators/rocket-chip/src/main/scala/tilelink/Monitor.scala:44:11: note: example printf here, will just be a printf in the future
generators/rocket-chip/src/main/scala/tilelink/Monitor.scala:35:7: note: For more information, see https://github.com/llvm/circt/issues/6970
generators/rocket-chip/src/main/scala/amba/axi4/UserYanker.scala:36:9: warning: module contains 2 printf-encoded verification operation(s), which are deprecated and will be removed in the future
generators/rocket-chip/src/main/scala/amba/axi4/UserYanker.scala:69:14: note: example printf here, will just be a printf in the future
generators/rocket-chip/src/main/scala/amba/axi4/UserYanker.scala:36:9: note: For more information, see https://github.com/llvm/circt/issues/6970
generators/rocket-chip/src/main/scala/tilelink/Monitor.scala:35:7: warning: module contains 114 printf-encoded verification operation(s), which are deprecated and will be removed in the future
generators/rocket-chip/src/main/scala/tilelink/Monitor.scala:44:11: note: example printf here, will just be a printf in the future
generators/rocket-chip/src/main/scala/tilelink/Monitor.scala:35:7: note: For more information, see https://github.com/llvm/circt/issues/6970
generators/rocket-chip/src/main/scala/tilelink/ToAXI4.scala:103:9: warning: module contains 88 printf-encoded verification operation(s), which are deprecated and will be removed in the future
generators/rocket-chip/src/main/scala/tilelink/ToAXI4.scala:280:16: note: example printf here, will just be a printf in the future
generators/rocket-chip/src/main/scala/tilelink/ToAXI4.scala:103:9: note: For more information, see https://github.com/llvm/circt/issues/6970
generators/rocket-chip/src/main/scala/tilelink/Monitor.scala:35:7: warning: module contains 114 printf-encoded verification operation(s), which are deprecated and will be removed in the future
generators/rocket-chip/src/main/scala/tilelink/Monitor.scala:44:11: note: example printf here, will just be a printf in the future
generators/rocket-chip/src/main/scala/tilelink/Monitor.scala:35:7: note: For more information, see https://github.com/llvm/circt/issues/6970
generators/rocket-chip/src/main/scala/tilelink/Monitor.scala:35:7: warning: module contains 114 printf-encoded verification operation(s), which are deprecated and will be removed in the future
generators/rocket-chip/src/main/scala/tilelink/Monitor.scala:44:11: note: example printf here, will just be a printf in the future
generators/rocket-chip/src/main/scala/tilelink/Monitor.scala:35:7: note: For more information, see https://github.com/llvm/circt/issues/6970
generators/rocket-chip/src/main/scala/tilelink/Monitor.scala:35:7: warning: module contains 210 printf-encoded verification operation(s), which are deprecated and will be removed in the future
generators/rocket-chip/src/main/scala/tilelink/Monitor.scala:44:11: note: example printf here, will just be a printf in the future
generators/rocket-chip/src/main/scala/tilelink/Monitor.scala:35:7: note: For more information, see https://github.com/llvm/circt/issues/6970
generators/rocket-chip-inclusive-cache/design/craft/inclusivecache/src/SourceA.scala:33:7: warning: module contains 3 printf-encoded verification operation(s), which are deprecated and will be removed in the future
generators/rocket-chip-inclusive-cache/design/craft/inclusivecache/src/Parameters.scala:222:12: note: example printf here, will just be a printf in the future
generators/rocket-chip-inclusive-cache/design/craft/inclusivecache/src/SourceA.scala:33:7: note: For more information, see https://github.com/llvm/circt/issues/6970
generators/rocket-chip-inclusive-cache/design/craft/inclusivecache/src/SourceB.scala:33:7: warning: module contains 4 printf-encoded verification operation(s), which are deprecated and will be removed in the future
generators/rocket-chip-inclusive-cache/design/craft/inclusivecache/src/SourceB.scala:59:12: note: example printf here, will just be a printf in the future
generators/rocket-chip-inclusive-cache/design/craft/inclusivecache/src/SourceB.scala:33:7: note: For more information, see https://github.com/llvm/circt/issues/6970
generators/rocket-chip-inclusive-cache/design/craft/inclusivecache/src/SourceC.scala:35:7: warning: module contains 5 printf-encoded verification operation(s), which are deprecated and will be removed in the future
generators/rocket-chip-inclusive-cache/design/craft/inclusivecache/src/SourceC.scala:64:10: note: example printf here, will just be a printf in the future
generators/rocket-chip-inclusive-cache/design/craft/inclusivecache/src/SourceC.scala:35:7: note: For more information, see https://github.com/llvm/circt/issues/6970
generators/rocket-chip-inclusive-cache/design/craft/inclusivecache/src/SourceD.scala:48:7: warning: module contains 3 printf-encoded verification operation(s), which are deprecated and will be removed in the future
generators/rocket-chip-inclusive-cache/design/craft/inclusivecache/src/SourceD.scala:123:10: note: example printf here, will just be a printf in the future
generators/rocket-chip-inclusive-cache/design/craft/inclusivecache/src/SourceD.scala:48:7: note: For more information, see https://github.com/llvm/circt/issues/6970
generators/rocket-chip-inclusive-cache/design/craft/inclusivecache/src/ListBuffer.scala:36:7: warning: module contains 1 printf-encoded verification operation(s), which are deprecated and will be removed in the future
generators/rocket-chip-inclusive-cache/design/craft/inclusivecache/src/ListBuffer.scala:86:10: note: example printf here, will just be a printf in the future
generators/rocket-chip-inclusive-cache/design/craft/inclusivecache/src/ListBuffer.scala:36:7: note: For more information, see https://github.com/llvm/circt/issues/6970
generators/rocket-chip-inclusive-cache/design/craft/inclusivecache/src/ListBuffer.scala:36:7: warning: module contains 1 printf-encoded verification operation(s), which are deprecated and will be removed in the future
generators/rocket-chip-inclusive-cache/design/craft/inclusivecache/src/ListBuffer.scala:86:10: note: example printf here, will just be a printf in the future
generators/rocket-chip-inclusive-cache/design/craft/inclusivecache/src/ListBuffer.scala:36:7: note: For more information, see https://github.com/llvm/circt/issues/6970
generators/rocket-chip-inclusive-cache/design/craft/inclusivecache/src/SinkC.scala:41:7: warning: module contains 1 printf-encoded verification operation(s), which are deprecated and will be removed in the future
generators/rocket-chip-inclusive-cache/design/craft/inclusivecache/src/SinkC.scala:90:12: note: example printf here, will just be a printf in the future
generators/rocket-chip-inclusive-cache/design/craft/inclusivecache/src/SinkC.scala:41:7: note: For more information, see https://github.com/llvm/circt/issues/6970
generators/rocket-chip-inclusive-cache/design/craft/inclusivecache/src/SinkD.scala:34:7: warning: module contains 1 printf-encoded verification operation(s), which are deprecated and will be removed in the future
generators/rocket-chip-inclusive-cache/design/craft/inclusivecache/src/SinkD.scala:82:10: note: example printf here, will just be a printf in the future
generators/rocket-chip-inclusive-cache/design/craft/inclusivecache/src/SinkD.scala:34:7: note: For more information, see https://github.com/llvm/circt/issues/6970
generators/rocket-chip-inclusive-cache/design/craft/inclusivecache/src/Directory.scala:58:7: warning: module contains 5 printf-encoded verification operation(s), which are deprecated and will be removed in the future
generators/rocket-chip-inclusive-cache/design/craft/inclusivecache/src/Directory.scala:88:10: note: example printf here, will just be a printf in the future
generators/rocket-chip-inclusive-cache/design/craft/inclusivecache/src/Directory.scala:58:7: note: For more information, see https://github.com/llvm/circt/issues/6970
generators/rocket-chip-inclusive-cache/design/craft/inclusivecache/src/ListBuffer.scala:36:7: warning: module contains 1 printf-encoded verification operation(s), which are deprecated and will be removed in the future
generators/rocket-chip-inclusive-cache/design/craft/inclusivecache/src/ListBuffer.scala:86:10: note: example printf here, will just be a printf in the future
generators/rocket-chip-inclusive-cache/design/craft/inclusivecache/src/ListBuffer.scala:36:7: note: For more information, see https://github.com/llvm/circt/issues/6970
generators/rocket-chip-inclusive-cache/design/craft/inclusivecache/src/MSHR.scala:87:7: warning: module contains 70 printf-encoded verification operation(s), which are deprecated and will be removed in the future
generators/rocket-chip-inclusive-cache/design/craft/inclusivecache/src/MSHR.scala:108:14: note: example printf here, will just be a printf in the future
generators/rocket-chip-inclusive-cache/design/craft/inclusivecache/src/MSHR.scala:87:7: note: For more information, see https://github.com/llvm/circt/issues/6970
generators/rocket-chip-inclusive-cache/design/craft/inclusivecache/src/MSHR.scala:87:7: warning: module contains 70 printf-encoded verification operation(s), which are deprecated and will be removed in the future
generators/rocket-chip-inclusive-cache/design/craft/inclusivecache/src/MSHR.scala:108:14: note: example printf here, will just be a printf in the future
generators/rocket-chip-inclusive-cache/design/craft/inclusivecache/src/MSHR.scala:87:7: note: For more information, see https://github.com/llvm/circt/issues/6970
generators/rocket-chip-inclusive-cache/design/craft/inclusivecache/src/MSHR.scala:87:7: warning: module contains 70 printf-encoded verification operation(s), which are deprecated and will be removed in the future
generators/rocket-chip-inclusive-cache/design/craft/inclusivecache/src/MSHR.scala:108:14: note: example printf here, will just be a printf in the future
generators/rocket-chip-inclusive-cache/design/craft/inclusivecache/src/MSHR.scala:87:7: note: For more information, see https://github.com/llvm/circt/issues/6970
generators/rocket-chip-inclusive-cache/design/craft/inclusivecache/src/MSHR.scala:87:7: warning: module contains 70 printf-encoded verification operation(s), which are deprecated and will be removed in the future
generators/rocket-chip-inclusive-cache/design/craft/inclusivecache/src/MSHR.scala:108:14: note: example printf here, will just be a printf in the future
generators/rocket-chip-inclusive-cache/design/craft/inclusivecache/src/MSHR.scala:87:7: note: For more information, see https://github.com/llvm/circt/issues/6970
generators/rocket-chip-inclusive-cache/design/craft/inclusivecache/src/MSHR.scala:87:7: warning: module contains 70 printf-encoded verification operation(s), which are deprecated and will be removed in the future
generators/rocket-chip-inclusive-cache/design/craft/inclusivecache/src/MSHR.scala:108:14: note: example printf here, will just be a printf in the future
generators/rocket-chip-inclusive-cache/design/craft/inclusivecache/src/MSHR.scala:87:7: note: For more information, see https://github.com/llvm/circt/issues/6970
generators/rocket-chip-inclusive-cache/design/craft/inclusivecache/src/MSHR.scala:87:7: warning: module contains 70 printf-encoded verification operation(s), which are deprecated and will be removed in the future
generators/rocket-chip-inclusive-cache/design/craft/inclusivecache/src/MSHR.scala:108:14: note: example printf here, will just be a printf in the future
generators/rocket-chip-inclusive-cache/design/craft/inclusivecache/src/MSHR.scala:87:7: note: For more information, see https://github.com/llvm/circt/issues/6970
generators/rocket-chip-inclusive-cache/design/craft/inclusivecache/src/MSHR.scala:87:7: warning: module contains 70 printf-encoded verification operation(s), which are deprecated and will be removed in the future
generators/rocket-chip-inclusive-cache/design/craft/inclusivecache/src/MSHR.scala:108:14: note: example printf here, will just be a printf in the future
generators/rocket-chip-inclusive-cache/design/craft/inclusivecache/src/MSHR.scala:87:7: note: For more information, see https://github.com/llvm/circt/issues/6970
generators/rocket-chip-inclusive-cache/design/craft/inclusivecache/src/MSHR.scala:87:7: warning: module contains 70 printf-encoded verification operation(s), which are deprecated and will be removed in the future
generators/rocket-chip-inclusive-cache/design/craft/inclusivecache/src/MSHR.scala:108:14: note: example printf here, will just be a printf in the future
generators/rocket-chip-inclusive-cache/design/craft/inclusivecache/src/MSHR.scala:87:7: note: For more information, see https://github.com/llvm/circt/issues/6970
generators/rocket-chip-inclusive-cache/design/craft/inclusivecache/src/MSHR.scala:87:7: warning: module contains 70 printf-encoded verification operation(s), which are deprecated and will be removed in the future
generators/rocket-chip-inclusive-cache/design/craft/inclusivecache/src/MSHR.scala:108:14: note: example printf here, will just be a printf in the future
generators/rocket-chip-inclusive-cache/design/craft/inclusivecache/src/MSHR.scala:87:7: note: For more information, see https://github.com/llvm/circt/issues/6970
generators/rocket-chip-inclusive-cache/design/craft/inclusivecache/src/MSHR.scala:87:7: warning: module contains 70 printf-encoded verification operation(s), which are deprecated and will be removed in the future
generators/rocket-chip-inclusive-cache/design/craft/inclusivecache/src/MSHR.scala:108:14: note: example printf here, will just be a printf in the future
generators/rocket-chip-inclusive-cache/design/craft/inclusivecache/src/MSHR.scala:87:7: note: For more information, see https://github.com/llvm/circt/issues/6970
generators/rocket-chip-inclusive-cache/design/craft/inclusivecache/src/MSHR.scala:87:7: warning: module contains 70 printf-encoded verification operation(s), which are deprecated and will be removed in the future
generators/rocket-chip-inclusive-cache/design/craft/inclusivecache/src/MSHR.scala:108:14: note: example printf here, will just be a printf in the future
generators/rocket-chip-inclusive-cache/design/craft/inclusivecache/src/MSHR.scala:87:7: note: For more information, see https://github.com/llvm/circt/issues/6970
generators/rocket-chip-inclusive-cache/design/craft/inclusivecache/src/MSHR.scala:87:7: warning: module contains 70 printf-encoded verification operation(s), which are deprecated and will be removed in the future
generators/rocket-chip-inclusive-cache/design/craft/inclusivecache/src/MSHR.scala:108:14: note: example printf here, will just be a printf in the future
generators/rocket-chip-inclusive-cache/design/craft/inclusivecache/src/MSHR.scala:87:7: note: For more information, see https://github.com/llvm/circt/issues/6970
generators/rocket-chip-inclusive-cache/design/craft/inclusivecache/src/MSHR.scala:87:7: warning: module contains 70 printf-encoded verification operation(s), which are deprecated and will be removed in the future
generators/rocket-chip-inclusive-cache/design/craft/inclusivecache/src/MSHR.scala:108:14: note: example printf here, will just be a printf in the future
generators/rocket-chip-inclusive-cache/design/craft/inclusivecache/src/MSHR.scala:87:7: note: For more information, see https://github.com/llvm/circt/issues/6970
generators/rocket-chip-inclusive-cache/design/craft/inclusivecache/src/MSHR.scala:87:7: warning: module contains 70 printf-encoded verification operation(s), which are deprecated and will be removed in the future
generators/rocket-chip-inclusive-cache/design/craft/inclusivecache/src/MSHR.scala:108:14: note: example printf here, will just be a printf in the future
generators/rocket-chip-inclusive-cache/design/craft/inclusivecache/src/MSHR.scala:87:7: note: For more information, see https://github.com/llvm/circt/issues/6970
generators/rocket-chip-inclusive-cache/design/craft/inclusivecache/src/MSHR.scala:87:7: warning: module contains 70 printf-encoded verification operation(s), which are deprecated and will be removed in the future
generators/rocket-chip-inclusive-cache/design/craft/inclusivecache/src/MSHR.scala:108:14: note: example printf here, will just be a printf in the future
generators/rocket-chip-inclusive-cache/design/craft/inclusivecache/src/MSHR.scala:87:7: note: For more information, see https://github.com/llvm/circt/issues/6970
generators/rocket-chip-inclusive-cache/design/craft/inclusivecache/src/MSHR.scala:87:7: warning: module contains 70 printf-encoded verification operation(s), which are deprecated and will be removed in the future
generators/rocket-chip-inclusive-cache/design/craft/inclusivecache/src/MSHR.scala:108:14: note: example printf here, will just be a printf in the future
generators/rocket-chip-inclusive-cache/design/craft/inclusivecache/src/MSHR.scala:87:7: note: For more information, see https://github.com/llvm/circt/issues/6970
generators/rocket-chip-inclusive-cache/design/craft/inclusivecache/src/MSHR.scala:87:7: warning: module contains 70 printf-encoded verification operation(s), which are deprecated and will be removed in the future
generators/rocket-chip-inclusive-cache/design/craft/inclusivecache/src/MSHR.scala:108:14: note: example printf here, will just be a printf in the future
generators/rocket-chip-inclusive-cache/design/craft/inclusivecache/src/MSHR.scala:87:7: note: For more information, see https://github.com/llvm/circt/issues/6970
generators/rocket-chip-inclusive-cache/design/craft/inclusivecache/src/MSHR.scala:87:7: warning: module contains 70 printf-encoded verification operation(s), which are deprecated and will be removed in the future
generators/rocket-chip-inclusive-cache/design/craft/inclusivecache/src/MSHR.scala:108:14: note: example printf here, will just be a printf in the future
generators/rocket-chip-inclusive-cache/design/craft/inclusivecache/src/MSHR.scala:87:7: note: For more information, see https://github.com/llvm/circt/issues/6970
generators/rocket-chip-inclusive-cache/design/craft/inclusivecache/src/MSHR.scala:87:7: warning: module contains 70 printf-encoded verification operation(s), which are deprecated and will be removed in the future
generators/rocket-chip-inclusive-cache/design/craft/inclusivecache/src/MSHR.scala:108:14: note: example printf here, will just be a printf in the future
generators/rocket-chip-inclusive-cache/design/craft/inclusivecache/src/MSHR.scala:87:7: note: For more information, see https://github.com/llvm/circt/issues/6970
generators/rocket-chip-inclusive-cache/design/craft/inclusivecache/src/MSHR.scala:87:7: warning: module contains 70 printf-encoded verification operation(s), which are deprecated and will be removed in the future
generators/rocket-chip-inclusive-cache/design/craft/inclusivecache/src/MSHR.scala:108:14: note: example printf here, will just be a printf in the future
generators/rocket-chip-inclusive-cache/design/craft/inclusivecache/src/MSHR.scala:87:7: note: For more information, see https://github.com/llvm/circt/issues/6970
generators/rocket-chip-inclusive-cache/design/craft/inclusivecache/src/MSHR.scala:87:7: warning: module contains 70 printf-encoded verification operation(s), which are deprecated and will be removed in the future
generators/rocket-chip-inclusive-cache/design/craft/inclusivecache/src/MSHR.scala:108:14: note: example printf here, will just be a printf in the future
generators/rocket-chip-inclusive-cache/design/craft/inclusivecache/src/MSHR.scala:87:7: note: For more information, see https://github.com/llvm/circt/issues/6970
generators/rocket-chip-inclusive-cache/design/craft/inclusivecache/src/MSHR.scala:87:7: warning: module contains 70 printf-encoded verification operation(s), which are deprecated and will be removed in the future
generators/rocket-chip-inclusive-cache/design/craft/inclusivecache/src/MSHR.scala:108:14: note: example printf here, will just be a printf in the future
generators/rocket-chip-inclusive-cache/design/craft/inclusivecache/src/MSHR.scala:87:7: note: For more information, see https://github.com/llvm/circt/issues/6970
generators/rocket-chip-inclusive-cache/design/craft/inclusivecache/src/MSHR.scala:87:7: warning: module contains 70 printf-encoded verification operation(s), which are deprecated and will be removed in the future
generators/rocket-chip-inclusive-cache/design/craft/inclusivecache/src/MSHR.scala:108:14: note: example printf here, will just be a printf in the future
generators/rocket-chip-inclusive-cache/design/craft/inclusivecache/src/MSHR.scala:87:7: note: For more information, see https://github.com/llvm/circt/issues/6970
generators/rocket-chip-inclusive-cache/design/craft/inclusivecache/src/MSHR.scala:87:7: warning: module contains 70 printf-encoded verification operation(s), which are deprecated and will be removed in the future
generators/rocket-chip-inclusive-cache/design/craft/inclusivecache/src/MSHR.scala:108:14: note: example printf here, will just be a printf in the future
generators/rocket-chip-inclusive-cache/design/craft/inclusivecache/src/MSHR.scala:87:7: note: For more information, see https://github.com/llvm/circt/issues/6970
generators/rocket-chip-inclusive-cache/design/craft/inclusivecache/src/Scheduler.scala:29:7: warning: module contains 3 printf-encoded verification operation(s), which are deprecated and will be removed in the future
generators/rocket-chip-inclusive-cache/design/craft/inclusivecache/src/Scheduler.scala:340:12: note: example printf here, will just be a printf in the future
generators/rocket-chip-inclusive-cache/design/craft/inclusivecache/src/Scheduler.scala:29:7: note: For more information, see https://github.com/llvm/circt/issues/6970
generators/rocket-chip/src/main/scala/tilelink/Monitor.scala:35:7: warning: module contains 210 printf-encoded verification operation(s), which are deprecated and will be removed in the future
generators/rocket-chip/src/main/scala/tilelink/Monitor.scala:44:11: note: example printf here, will just be a printf in the future
generators/rocket-chip/src/main/scala/tilelink/Monitor.scala:35:7: note: For more information, see https://github.com/llvm/circt/issues/6970
generators/rocket-chip/src/main/scala/tilelink/Monitor.scala:35:7: warning: module contains 210 printf-encoded verification operation(s), which are deprecated and will be removed in the future
generators/rocket-chip/src/main/scala/tilelink/Monitor.scala:44:11: note: example printf here, will just be a printf in the future
generators/rocket-chip/src/main/scala/tilelink/Monitor.scala:35:7: note: For more information, see https://github.com/llvm/circt/issues/6970
generators/rocket-chip/src/main/scala/util/IDPool.scala:8:7: warning: module contains 3 printf-encoded verification operation(s), which are deprecated and will be removed in the future
generators/rocket-chip/src/main/scala/util/IDPool.scala:44:10: note: example printf here, will just be a printf in the future
generators/rocket-chip/src/main/scala/util/IDPool.scala:8:7: note: For more information, see https://github.com/llvm/circt/issues/6970
generators/rocket-chip/src/main/scala/tilelink/CacheCork.scala:42:9: warning: module contains 6 printf-encoded verification operation(s), which are deprecated and will be removed in the future
generators/rocket-chip/src/main/scala/tilelink/CacheCork.scala:116:16: note: example printf here, will just be a printf in the future
generators/rocket-chip/src/main/scala/tilelink/CacheCork.scala:42:9: note: For more information, see https://github.com/llvm/circt/issues/6970
generators/rocket-chip/src/main/scala/tilelink/Monitor.scala:35:7: warning: module contains 114 printf-encoded verification operation(s), which are deprecated and will be removed in the future
generators/rocket-chip/src/main/scala/tilelink/Monitor.scala:44:11: note: example printf here, will just be a printf in the future
generators/rocket-chip/src/main/scala/tilelink/Monitor.scala:35:7: note: For more information, see https://github.com/llvm/circt/issues/6970
generators/rocket-chip/src/main/scala/tilelink/Monitor.scala:35:7: warning: module contains 114 printf-encoded verification operation(s), which are deprecated and will be removed in the future
generators/rocket-chip/src/main/scala/tilelink/Monitor.scala:44:11: note: example printf here, will just be a printf in the future
generators/rocket-chip/src/main/scala/tilelink/Monitor.scala:35:7: note: For more information, see https://github.com/llvm/circt/issues/6970
generators/rocket-chip/src/main/scala/tilelink/Monitor.scala:35:7: warning: module contains 210 printf-encoded verification operation(s), which are deprecated and will be removed in the future
generators/rocket-chip/src/main/scala/tilelink/Monitor.scala:44:11: note: example printf here, will just be a printf in the future
generators/rocket-chip/src/main/scala/tilelink/Monitor.scala:35:7: note: For more information, see https://github.com/llvm/circt/issues/6970
generators/rocket-chip/src/main/scala/tilelink/Monitor.scala:35:7: warning: module contains 114 printf-encoded verification operation(s), which are deprecated and will be removed in the future
generators/rocket-chip/src/main/scala/tilelink/Monitor.scala:44:11: note: example printf here, will just be a printf in the future
generators/rocket-chip/src/main/scala/tilelink/Monitor.scala:35:7: note: For more information, see https://github.com/llvm/circt/issues/6970
generators/rocket-chip/src/main/scala/tilelink/Xbar.scala:74:9: warning: module contains 3 printf-encoded verification operation(s), which are deprecated and will be removed in the future
generators/rocket-chip/src/main/scala/tilelink/Arbiter.scala:22:12: note: example printf here, will just be a printf in the future
generators/rocket-chip/src/main/scala/tilelink/Xbar.scala:74:9: note: For more information, see https://github.com/llvm/circt/issues/6970
generators/rocket-chip/src/main/scala/tilelink/Monitor.scala:35:7: warning: module contains 114 printf-encoded verification operation(s), which are deprecated and will be removed in the future
generators/rocket-chip/src/main/scala/tilelink/Monitor.scala:44:11: note: example printf here, will just be a printf in the future
generators/rocket-chip/src/main/scala/tilelink/Monitor.scala:35:7: note: For more information, see https://github.com/llvm/circt/issues/6970
generators/rocket-chip/src/main/scala/tilelink/Monitor.scala:35:7: warning: module contains 114 printf-encoded verification operation(s), which are deprecated and will be removed in the future
generators/rocket-chip/src/main/scala/tilelink/Monitor.scala:44:11: note: example printf here, will just be a printf in the future
generators/rocket-chip/src/main/scala/tilelink/Monitor.scala:35:7: note: For more information, see https://github.com/llvm/circt/issues/6970
generators/rocket-chip/src/main/scala/tilelink/Xbar.scala:74:9: warning: module contains 3 printf-encoded verification operation(s), which are deprecated and will be removed in the future
generators/rocket-chip/src/main/scala/tilelink/Arbiter.scala:22:12: note: example printf here, will just be a printf in the future
generators/rocket-chip/src/main/scala/tilelink/Xbar.scala:74:9: note: For more information, see https://github.com/llvm/circt/issues/6970
generators/gemmini/src/main/scala/gemmini/DMA.scala:138:9: warning: module contains 1 printf-encoded verification operation(s), which are deprecated and will be removed in the future
generators/gemmini/src/main/scala/gemmini/DMA.scala:247:11: note: example printf here, will just be a printf in the future
generators/gemmini/src/main/scala/gemmini/DMA.scala:138:9: note: For more information, see https://github.com/llvm/circt/issues/6970
generators/gemmini/src/main/scala/gemmini/XactTracker.scala:56:7: warning: module contains 1 printf-encoded verification operation(s), which are deprecated and will be removed in the future
generators/gemmini/src/main/scala/gemmini/XactTracker.scala:84:11: note: example printf here, will just be a printf in the future
generators/gemmini/src/main/scala/gemmini/XactTracker.scala:56:7: note: For more information, see https://github.com/llvm/circt/issues/6970
generators/gemmini/src/main/scala/gemmini/DMA.scala:363:9: warning: module contains 4 printf-encoded verification operation(s), which are deprecated and will be removed in the future
generators/gemmini/src/main/scala/gemmini/DMA.scala:551:11: note: example printf here, will just be a printf in the future
generators/gemmini/src/main/scala/gemmini/DMA.scala:363:9: note: For more information, see https://github.com/llvm/circt/issues/6970
generators/rocket-chip/src/main/scala/tilelink/Monitor.scala:35:7: warning: module contains 114 printf-encoded verification operation(s), which are deprecated and will be removed in the future
generators/rocket-chip/src/main/scala/tilelink/Monitor.scala:44:11: note: example printf here, will just be a printf in the future
generators/rocket-chip/src/main/scala/tilelink/Monitor.scala:35:7: note: For more information, see https://github.com/llvm/circt/issues/6970
generators/rocket-chip/src/main/scala/tilelink/Monitor.scala:35:7: warning: module contains 114 printf-encoded verification operation(s), which are deprecated and will be removed in the future
generators/rocket-chip/src/main/scala/tilelink/Monitor.scala:44:11: note: example printf here, will just be a printf in the future
generators/rocket-chip/src/main/scala/tilelink/Monitor.scala:35:7: note: For more information, see https://github.com/llvm/circt/issues/6970
generators/rocket-chip/src/main/scala/tilelink/Monitor.scala:35:7: warning: module contains 114 printf-encoded verification operation(s), which are deprecated and will be removed in the future
generators/rocket-chip/src/main/scala/tilelink/Monitor.scala:44:11: note: example printf here, will just be a printf in the future
generators/rocket-chip/src/main/scala/tilelink/Monitor.scala:35:7: note: For more information, see https://github.com/llvm/circt/issues/6970
generators/gemmini/src/main/scala/gemmini/PixelRepeater.scala:28:7: warning: module contains 1 printf-encoded verification operation(s), which are deprecated and will be removed in the future
generators/gemmini/src/main/scala/gemmini/PixelRepeater.scala:58:11: note: example printf here, will just be a printf in the future
generators/gemmini/src/main/scala/gemmini/PixelRepeater.scala:28:7: note: For more information, see https://github.com/llvm/circt/issues/6970
generators/gemmini/src/main/scala/gemmini/PixelRepeater.scala:28:7: warning: module contains 1 printf-encoded verification operation(s), which are deprecated and will be removed in the future
generators/gemmini/src/main/scala/gemmini/PixelRepeater.scala:58:11: note: example printf here, will just be a printf in the future
generators/gemmini/src/main/scala/gemmini/PixelRepeater.scala:28:7: note: For more information, see https://github.com/llvm/circt/issues/6970
generators/gemmini/src/main/scala/gemmini/Scratchpad.scala:100:7: warning: module contains 1 printf-encoded verification operation(s), which are deprecated and will be removed in the future
generators/gemmini/src/main/scala/gemmini/Scratchpad.scala:167:13: note: example printf here, will just be a printf in the future
generators/gemmini/src/main/scala/gemmini/Scratchpad.scala:100:7: note: For more information, see https://github.com/llvm/circt/issues/6970
generators/gemmini/src/main/scala/gemmini/Scratchpad.scala:100:7: warning: module contains 1 printf-encoded verification operation(s), which are deprecated and will be removed in the future
generators/gemmini/src/main/scala/gemmini/Scratchpad.scala:167:13: note: example printf here, will just be a printf in the future
generators/gemmini/src/main/scala/gemmini/Scratchpad.scala:100:7: note: For more information, see https://github.com/llvm/circt/issues/6970
generators/gemmini/src/main/scala/gemmini/Scratchpad.scala:100:7: warning: module contains 1 printf-encoded verification operation(s), which are deprecated and will be removed in the future
generators/gemmini/src/main/scala/gemmini/Scratchpad.scala:167:13: note: example printf here, will just be a printf in the future
generators/gemmini/src/main/scala/gemmini/Scratchpad.scala:100:7: note: For more information, see https://github.com/llvm/circt/issues/6970
generators/gemmini/src/main/scala/gemmini/Scratchpad.scala:100:7: warning: module contains 1 printf-encoded verification operation(s), which are deprecated and will be removed in the future
generators/gemmini/src/main/scala/gemmini/Scratchpad.scala:167:13: note: example printf here, will just be a printf in the future
generators/gemmini/src/main/scala/gemmini/Scratchpad.scala:100:7: note: For more information, see https://github.com/llvm/circt/issues/6970
generators/gemmini/src/main/scala/gemmini/SyncMem.scala:30:7: warning: module contains 1 printf-encoded verification operation(s), which are deprecated and will be removed in the future
generators/gemmini/src/main/scala/gemmini/SyncMem.scala:41:9: note: example printf here, will just be a printf in the future
generators/gemmini/src/main/scala/gemmini/SyncMem.scala:30:7: note: For more information, see https://github.com/llvm/circt/issues/6970
generators/gemmini/src/main/scala/gemmini/AccumulatorMem.scala:92:7: warning: module contains 1 printf-encoded verification operation(s), which are deprecated and will be removed in the future
generators/gemmini/src/main/scala/gemmini/AccumulatorMem.scala:395:9: note: example printf here, will just be a printf in the future
generators/gemmini/src/main/scala/gemmini/AccumulatorMem.scala:92:7: note: For more information, see https://github.com/llvm/circt/issues/6970
generators/gemmini/src/main/scala/gemmini/SyncMem.scala:30:7: warning: module contains 1 printf-encoded verification operation(s), which are deprecated and will be removed in the future
generators/gemmini/src/main/scala/gemmini/SyncMem.scala:41:9: note: example printf here, will just be a printf in the future
generators/gemmini/src/main/scala/gemmini/SyncMem.scala:30:7: note: For more information, see https://github.com/llvm/circt/issues/6970
generators/gemmini/src/main/scala/gemmini/AccumulatorMem.scala:92:7: warning: module contains 1 printf-encoded verification operation(s), which are deprecated and will be removed in the future
generators/gemmini/src/main/scala/gemmini/AccumulatorMem.scala:395:9: note: example printf here, will just be a printf in the future
generators/gemmini/src/main/scala/gemmini/AccumulatorMem.scala:92:7: note: For more information, see https://github.com/llvm/circt/issues/6970
generators/gemmini/src/main/scala/gemmini/Scratchpad.scala:227:9: warning: module contains 2 printf-encoded verification operation(s), which are deprecated and will be removed in the future
generators/gemmini/src/main/scala/gemmini/Scratchpad.scala:781:15: note: example printf here, will just be a printf in the future
generators/gemmini/src/main/scala/gemmini/Scratchpad.scala:227:9: note: For more information, see https://github.com/llvm/circt/issues/6970
generators/rocket-chip/src/main/scala/rocket/TLB.scala:318:7: warning: module contains 1 printf-encoded verification operation(s), which are deprecated and will be removed in the future
generators/rocket-chip/src/main/scala/rocket/TLB.scala:719:13: note: example printf here, will just be a printf in the future
generators/rocket-chip/src/main/scala/rocket/TLB.scala:318:7: note: For more information, see https://github.com/llvm/circt/issues/6970
generators/gemmini/src/main/scala/gemmini/FrontendTLB.scala:29:7: warning: module contains 1 printf-encoded verification operation(s), which are deprecated and will be removed in the future
generators/gemmini/src/main/scala/gemmini/FrontendTLB.scala:68:9: note: example printf here, will just be a printf in the future
generators/gemmini/src/main/scala/gemmini/FrontendTLB.scala:29:7: note: For more information, see https://github.com/llvm/circt/issues/6970
generators/gemmini/src/main/scala/gemmini/ReservationStation.scala:26:7: warning: module contains 19 printf-encoded verification operation(s), which are deprecated and will be removed in the future
generators/gemmini/src/main/scala/gemmini/ReservationStation.scala:210:11: note: example printf here, will just be a printf in the future
generators/gemmini/src/main/scala/gemmini/ReservationStation.scala:26:7: note: For more information, see https://github.com/llvm/circt/issues/6970
generators/gemmini/src/main/scala/gemmini/LoopConv.scala:1169:7: warning: module contains 3 printf-encoded verification operation(s), which are deprecated and will be removed in the future
generators/gemmini/src/main/scala/gemmini/LoopConv.scala:1237:9: note: example printf here, will just be a printf in the future
generators/gemmini/src/main/scala/gemmini/LoopConv.scala:1169:7: note: For more information, see https://github.com/llvm/circt/issues/6970
generators/gemmini/src/main/scala/gemmini/LoopMatmul.scala:352:7: warning: module contains 1 printf-encoded verification operation(s), which are deprecated and will be removed in the future
generators/gemmini/src/main/scala/gemmini/LoopMatmul.scala:494:9: note: example printf here, will just be a printf in the future
generators/gemmini/src/main/scala/gemmini/LoopMatmul.scala:352:7: note: For more information, see https://github.com/llvm/circt/issues/6970
generators/gemmini/src/main/scala/gemmini/WeightedArbiter.scala:7:7: warning: module contains 3 printf-encoded verification operation(s), which are deprecated and will be removed in the future
generators/gemmini/src/main/scala/gemmini/WeightedArbiter.scala:72:9: note: example printf here, will just be a printf in the future
generators/gemmini/src/main/scala/gemmini/WeightedArbiter.scala:7:7: note: For more information, see https://github.com/llvm/circt/issues/6970
generators/gemmini/src/main/scala/gemmini/LoopMatmul.scala:892:7: warning: module contains 3 printf-encoded verification operation(s), which are deprecated and will be removed in the future
generators/gemmini/src/main/scala/gemmini/LoopMatmul.scala:977:9: note: example printf here, will just be a printf in the future
generators/gemmini/src/main/scala/gemmini/LoopMatmul.scala:892:7: note: For more information, see https://github.com/llvm/circt/issues/6970
generators/gemmini/src/main/scala/gemmini/DMACommandTracker.scala:9:7: warning: module contains 2 printf-encoded verification operation(s), which are deprecated and will be removed in the future
generators/gemmini/src/main/scala/gemmini/DMACommandTracker.scala:88:11: note: example printf here, will just be a printf in the future
generators/gemmini/src/main/scala/gemmini/DMACommandTracker.scala:9:7: note: For more information, see https://github.com/llvm/circt/issues/6970
generators/gemmini/src/main/scala/gemmini/LoadController.scala:13:7: warning: module contains 4 printf-encoded verification operation(s), which are deprecated and will be removed in the future
generators/gemmini/src/main/scala/gemmini/Util.scala:19:11: note: example printf here, will just be a printf in the future
generators/gemmini/src/main/scala/gemmini/LoadController.scala:13:7: note: For more information, see https://github.com/llvm/circt/issues/6970
generators/gemmini/src/main/scala/gemmini/DMACommandTracker.scala:9:7: warning: module contains 2 printf-encoded verification operation(s), which are deprecated and will be removed in the future
generators/gemmini/src/main/scala/gemmini/DMACommandTracker.scala:88:11: note: example printf here, will just be a printf in the future
generators/gemmini/src/main/scala/gemmini/DMACommandTracker.scala:9:7: note: For more information, see https://github.com/llvm/circt/issues/6970
generators/gemmini/src/main/scala/gemmini/StoreController.scala:14:7: warning: module contains 12 printf-encoded verification operation(s), which are deprecated and will be removed in the future
generators/gemmini/src/main/scala/gemmini/StoreController.scala:123:9: note: example printf here, will just be a printf in the future
generators/gemmini/src/main/scala/gemmini/StoreController.scala:14:7: note: For more information, see https://github.com/llvm/circt/issues/6970
generators/gemmini/src/main/scala/gemmini/MultiHeadedQueue.scala:7:7: warning: module contains 5 printf-encoded verification operation(s), which are deprecated and will be removed in the future
generators/gemmini/src/main/scala/gemmini/Util.scala:12:13: note: example printf here, will just be a printf in the future
generators/gemmini/src/main/scala/gemmini/MultiHeadedQueue.scala:7:7: note: For more information, see https://github.com/llvm/circt/issues/6970
generators/gemmini/src/main/scala/gemmini/MultiHeadedQueue.scala:7:7: warning: module contains 6 printf-encoded verification operation(s), which are deprecated and will be removed in the future
generators/gemmini/src/main/scala/gemmini/Util.scala:12:13: note: example printf here, will just be a printf in the future
generators/gemmini/src/main/scala/gemmini/MultiHeadedQueue.scala:7:7: note: For more information, see https://github.com/llvm/circt/issues/6970
generators/gemmini/src/main/scala/gemmini/Transposer.scala:94:7: warning: module contains 1 printf-encoded verification operation(s), which are deprecated and will be removed in the future
generators/gemmini/src/main/scala/gemmini/Util.scala:12:13: note: example printf here, will just be a printf in the future
generators/gemmini/src/main/scala/gemmini/Transposer.scala:94:7: note: For more information, see https://github.com/llvm/circt/issues/6970
generators/gemmini/src/main/scala/gemmini/Mesh.scala:17:7: warning: module contains 1 printf-encoded verification operation(s), which are deprecated and will be removed in the future
generators/gemmini/src/main/scala/gemmini/Mesh.scala:77:9: note: example printf here, will just be a printf in the future
generators/gemmini/src/main/scala/gemmini/Mesh.scala:17:7: note: For more information, see https://github.com/llvm/circt/issues/6970
generators/gemmini/src/main/scala/gemmini/TagQueue.scala:11:7: warning: module contains 3 printf-encoded verification operation(s), which are deprecated and will be removed in the future
generators/gemmini/src/main/scala/gemmini/Util.scala:12:13: note: example printf here, will just be a printf in the future
generators/gemmini/src/main/scala/gemmini/TagQueue.scala:11:7: note: For more information, see https://github.com/llvm/circt/issues/6970
generators/gemmini/src/main/scala/gemmini/MeshWithDelays.scala:32:7: warning: module contains 6 printf-encoded verification operation(s), which are deprecated and will be removed in the future
generators/gemmini/src/main/scala/gemmini/Util.scala:12:13: note: example printf here, will just be a printf in the future
generators/gemmini/src/main/scala/gemmini/MeshWithDelays.scala:32:7: note: For more information, see https://github.com/llvm/circt/issues/6970
generators/gemmini/src/main/scala/gemmini/ExecuteController.scala:12:7: warning: module contains 14 printf-encoded verification operation(s), which are deprecated and will be removed in the future
generators/gemmini/src/main/scala/gemmini/ExecuteController.scala:131:9: note: example printf here, will just be a printf in the future
generators/gemmini/src/main/scala/gemmini/ExecuteController.scala:12:7: note: For more information, see https://github.com/llvm/circt/issues/6970
generators/gemmini/src/main/scala/gemmini/Im2Col.scala:43:7: warning: module contains 2 printf-encoded verification operation(s), which are deprecated and will be removed in the future
generators/gemmini/src/main/scala/gemmini/Util.scala:19:11: note: example printf here, will just be a printf in the future
generators/gemmini/src/main/scala/gemmini/Im2Col.scala:43:7: note: For more information, see https://github.com/llvm/circt/issues/6970
generators/gemmini/src/main/scala/gemmini/Controller.scala:96:7: warning: module contains 1 printf-encoded verification operation(s), which are deprecated and will be removed in the future
generators/gemmini/src/main/scala/gemmini/Controller.scala:524:9: note: example printf here, will just be a printf in the future
generators/gemmini/src/main/scala/gemmini/Controller.scala:96:7: note: For more information, see https://github.com/llvm/circt/issues/6970
generators/shuttle/src/main/scala/ifu/ICache.scala:30:7: warning: module contains 1 printf-encoded verification operation(s), which are deprecated and will be removed in the future
generators/shuttle/src/main/scala/ifu/ICache.scala:121:9: note: example printf here, will just be a printf in the future
generators/shuttle/src/main/scala/ifu/ICache.scala:30:7: note: For more information, see https://github.com/llvm/circt/issues/6970
generators/rocket-chip/src/main/scala/rocket/TLB.scala:318:7: warning: module contains 1 printf-encoded verification operation(s), which are deprecated and will be removed in the future
generators/rocket-chip/src/main/scala/rocket/TLB.scala:719:13: note: example printf here, will just be a printf in the future
generators/rocket-chip/src/main/scala/rocket/TLB.scala:318:7: note: For more information, see https://github.com/llvm/circt/issues/6970
generators/shuttle/src/main/scala/ifu/FetchBuffer.scala:16:7: warning: module contains 1 printf-encoded verification operation(s), which are deprecated and will be removed in the future
generators/shuttle/src/main/scala/ifu/FetchBuffer.scala:120:13: note: example printf here, will just be a printf in the future
generators/shuttle/src/main/scala/ifu/FetchBuffer.scala:16:7: note: For more information, see https://github.com/llvm/circt/issues/6970
generators/rocket-chip/src/main/scala/tilelink/Monitor.scala:35:7: warning: module contains 114 printf-encoded verification operation(s), which are deprecated and will be removed in the future
generators/rocket-chip/src/main/scala/tilelink/Monitor.scala:44:11: note: example printf here, will just be a printf in the future
generators/rocket-chip/src/main/scala/tilelink/Monitor.scala:35:7: note: For more information, see https://github.com/llvm/circt/issues/6970
generators/rocket-chip/src/main/scala/tilelink/Monitor.scala:35:7: warning: module contains 114 printf-encoded verification operation(s), which are deprecated and will be removed in the future
generators/rocket-chip/src/main/scala/tilelink/Monitor.scala:44:11: note: example printf here, will just be a printf in the future
generators/rocket-chip/src/main/scala/tilelink/Monitor.scala:35:7: note: For more information, see https://github.com/llvm/circt/issues/6970
generators/rocket-chip/src/main/scala/rocket/NBDcache.scala:548:7: warning: module contains 1 printf-encoded verification operation(s), which are deprecated and will be removed in the future
generators/rocket-chip/src/main/scala/rocket/NBDcache.scala:580:9: note: example printf here, will just be a printf in the future
generators/rocket-chip/src/main/scala/rocket/NBDcache.scala:548:7: note: For more information, see https://github.com/llvm/circt/issues/6970
generators/shuttle/src/main/scala/dmem/IOHandler.scala:13:7: warning: module contains 1 printf-encoded verification operation(s), which are deprecated and will be removed in the future
generators/shuttle/src/main/scala/dmem/IOHandler.scala:62:9: note: example printf here, will just be a printf in the future
generators/shuttle/src/main/scala/dmem/IOHandler.scala:13:7: note: For more information, see https://github.com/llvm/circt/issues/6970
generators/shuttle/src/main/scala/dmem/MSHRs.scala:13:7: warning: module contains 5 printf-encoded verification operation(s), which are deprecated and will be removed in the future
generators/shuttle/src/main/scala/dmem/MSHRs.scala:57:9: note: example printf here, will just be a printf in the future
generators/shuttle/src/main/scala/dmem/MSHRs.scala:13:7: note: For more information, see https://github.com/llvm/circt/issues/6970
generators/shuttle/src/main/scala/dmem/DCache.scala:98:7: warning: module contains 4 printf-encoded verification operation(s), which are deprecated and will be removed in the future
generators/shuttle/src/main/scala/dmem/DCache.scala:181:9: note: example printf here, will just be a printf in the future
generators/shuttle/src/main/scala/dmem/DCache.scala:98:7: note: For more information, see https://github.com/llvm/circt/issues/6970
generators/rocket-chip/src/main/scala/tilelink/Monitor.scala:35:7: warning: module contains 210 printf-encoded verification operation(s), which are deprecated and will be removed in the future
generators/rocket-chip/src/main/scala/tilelink/Monitor.scala:44:11: note: example printf here, will just be a printf in the future
generators/rocket-chip/src/main/scala/tilelink/Monitor.scala:35:7: note: For more information, see https://github.com/llvm/circt/issues/6970
generators/rocket-chip/src/main/scala/tilelink/Monitor.scala:35:7: warning: module contains 210 printf-encoded verification operation(s), which are deprecated and will be removed in the future
generators/rocket-chip/src/main/scala/tilelink/Monitor.scala:44:11: note: example printf here, will just be a printf in the future
generators/rocket-chip/src/main/scala/tilelink/Monitor.scala:35:7: note: For more information, see https://github.com/llvm/circt/issues/6970
generators/rocket-chip/src/main/scala/tilelink/Monitor.scala:35:7: warning: module contains 114 printf-encoded verification operation(s), which are deprecated and will be removed in the future
generators/rocket-chip/src/main/scala/tilelink/Monitor.scala:44:11: note: example printf here, will just be a printf in the future
generators/rocket-chip/src/main/scala/tilelink/Monitor.scala:35:7: note: For more information, see https://github.com/llvm/circt/issues/6970
generators/rocket-chip/src/main/scala/tilelink/Monitor.scala:35:7: warning: module contains 114 printf-encoded verification operation(s), which are deprecated and will be removed in the future
generators/rocket-chip/src/main/scala/tilelink/Monitor.scala:44:11: note: example printf here, will just be a printf in the future
generators/rocket-chip/src/main/scala/tilelink/Monitor.scala:35:7: note: For more information, see https://github.com/llvm/circt/issues/6970
generators/rocket-chip/src/main/scala/tilelink/Xbar.scala:74:9: warning: module contains 3 printf-encoded verification operation(s), which are deprecated and will be removed in the future
generators/rocket-chip/src/main/scala/tilelink/Arbiter.scala:22:12: note: example printf here, will just be a printf in the future
generators/rocket-chip/src/main/scala/tilelink/Xbar.scala:74:9: note: For more information, see https://github.com/llvm/circt/issues/6970
generators/rocket-chip/src/main/scala/tilelink/Monitor.scala:35:7: warning: module contains 114 printf-encoded verification operation(s), which are deprecated and will be removed in the future
generators/rocket-chip/src/main/scala/tilelink/Monitor.scala:44:11: note: example printf here, will just be a printf in the future
generators/rocket-chip/src/main/scala/tilelink/Monitor.scala:35:7: note: For more information, see https://github.com/llvm/circt/issues/6970
generators/saturn/src/main/scala/frontend/Dispatch.scala:13:7: warning: module contains 5 printf-encoded verification operation(s), which are deprecated and will be removed in the future
generators/saturn/src/main/scala/frontend/Dispatch.scala:41:11: note: example printf here, will just be a printf in the future
generators/saturn/src/main/scala/frontend/Dispatch.scala:13:7: note: For more information, see https://github.com/llvm/circt/issues/6970
generators/saturn/src/main/scala/frontend/IterativeFaultCheck.scala:14:7: warning: module contains 1 printf-encoded verification operation(s), which are deprecated and will be removed in the future
generators/saturn/src/main/scala/frontend/IterativeFaultCheck.scala:40:11: note: example printf here, will just be a printf in the future
generators/saturn/src/main/scala/frontend/IterativeFaultCheck.scala:14:7: note: For more information, see https://github.com/llvm/circt/issues/6970
generators/saturn/src/main/scala/frontend/IterativeFaultCheck.scala:83:7: warning: module contains 1 printf-encoded verification operation(s), which are deprecated and will be removed in the future
generators/saturn/src/main/scala/frontend/IterativeFaultCheck.scala:125:11: note: example printf here, will just be a printf in the future
generators/saturn/src/main/scala/frontend/IterativeFaultCheck.scala:83:7: note: For more information, see https://github.com/llvm/circt/issues/6970
generators/saturn/src/main/scala/exu/int/IntegerPipe.scala:215:7: warning: module contains 1 printf-encoded verification operation(s), which are deprecated and will be removed in the future
generators/saturn/src/main/scala/exu/int/IntegerPipe.scala:331:9: note: example printf here, will just be a printf in the future
generators/saturn/src/main/scala/exu/int/IntegerPipe.scala:215:7: note: For more information, see https://github.com/llvm/circt/issues/6970
generators/saturn/src/main/scala/exu/int/IntegerDivide.scala:42:7: warning: module contains 1 printf-encoded verification operation(s), which are deprecated and will be removed in the future
generators/saturn/src/main/scala/exu/FunctionalUnit.scala:77:11: note: example printf here, will just be a printf in the future
generators/saturn/src/main/scala/exu/int/IntegerDivide.scala:42:7: note: For more information, see https://github.com/llvm/circt/issues/6970
generators/saturn/src/main/scala/exu/ExecutionUnit.scala:11:7: warning: module contains 3 printf-encoded verification operation(s), which are deprecated and will be removed in the future
generators/saturn/src/main/scala/exu/ExecutionUnit.scala:75:31: note: example printf here, will just be a printf in the future
generators/saturn/src/main/scala/exu/ExecutionUnit.scala:11:7: note: For more information, see https://github.com/llvm/circt/issues/6970
generators/saturn/src/main/scala/exu/fp/FPDiv.scala:243:7: warning: module contains 1 printf-encoded verification operation(s), which are deprecated and will be removed in the future
generators/saturn/src/main/scala/exu/FunctionalUnit.scala:77:11: note: example printf here, will just be a printf in the future
generators/saturn/src/main/scala/exu/fp/FPDiv.scala:243:7: note: For more information, see https://github.com/llvm/circt/issues/6970
generators/saturn/src/main/scala/exu/ExecutionUnit.scala:11:7: warning: module contains 3 printf-encoded verification operation(s), which are deprecated and will be removed in the future
generators/saturn/src/main/scala/exu/ExecutionUnit.scala:75:31: note: example printf here, will just be a printf in the future
generators/saturn/src/main/scala/exu/ExecutionUnit.scala:11:7: note: For more information, see https://github.com/llvm/circt/issues/6970
generators/saturn/src/main/scala/backend/ExecuteSequencer.scala:25:7: warning: module contains 1 printf-encoded verification operation(s), which are deprecated and will be removed in the future
generators/saturn/src/main/scala/backend/ExecuteSequencer.scala:132:11: note: example printf here, will just be a printf in the future
generators/saturn/src/main/scala/backend/ExecuteSequencer.scala:25:7: note: For more information, see https://github.com/llvm/circt/issues/6970
generators/saturn/src/main/scala/backend/ExecuteSequencer.scala:25:7: warning: module contains 1 printf-encoded verification operation(s), which are deprecated and will be removed in the future
generators/saturn/src/main/scala/backend/ExecuteSequencer.scala:132:11: note: example printf here, will just be a printf in the future
generators/saturn/src/main/scala/backend/ExecuteSequencer.scala:25:7: note: For more information, see https://github.com/llvm/circt/issues/6970
generators/saturn/src/main/scala/backend/Backend.scala:14:7: warning: module contains 2 printf-encoded verification operation(s), which are deprecated and will be removed in the future
generators/saturn/src/main/scala/backend/Backend.scala:373:11: note: example printf here, will just be a printf in the future
generators/saturn/src/main/scala/backend/Backend.scala:14:7: note: For more information, see https://github.com/llvm/circt/issues/6970
generators/saturn/src/main/scala/mem/StoreSegmenter.scala:11:7: warning: module contains 1 printf-encoded verification operation(s), which are deprecated and will be removed in the future
generators/saturn/src/main/scala/mem/StoreSegmenter.scala:42:11: note: example printf here, will just be a printf in the future
generators/saturn/src/main/scala/mem/StoreSegmenter.scala:11:7: note: For more information, see https://github.com/llvm/circt/issues/6970
generators/saturn/src/main/scala/common/ReorderBuffer.scala:12:7: warning: module contains 1 printf-encoded verification operation(s), which are deprecated and will be removed in the future
generators/saturn/src/main/scala/common/ReorderBuffer.scala:46:11: note: example printf here, will just be a printf in the future
generators/saturn/src/main/scala/common/ReorderBuffer.scala:12:7: note: For more information, see https://github.com/llvm/circt/issues/6970
generators/saturn/src/main/scala/mem/Mem.scala:102:7: warning: module contains 19 printf-encoded verification operation(s), which are deprecated and will be removed in the future
generators/saturn/src/main/scala/mem/Mem.scala:183:11: note: example printf here, will just be a printf in the future
generators/saturn/src/main/scala/mem/Mem.scala:102:7: note: For more information, see https://github.com/llvm/circt/issues/6970
generators/rocket-chip/src/main/scala/tilelink/Monitor.scala:35:7: warning: module contains 114 printf-encoded verification operation(s), which are deprecated and will be removed in the future
generators/rocket-chip/src/main/scala/tilelink/Monitor.scala:44:11: note: example printf here, will just be a printf in the future
generators/rocket-chip/src/main/scala/tilelink/Monitor.scala:35:7: note: For more information, see https://github.com/llvm/circt/issues/6970
generators/rocket-chip/src/main/scala/rocket/CSR.scala:378:7: warning: module contains 6 printf-encoded verification operation(s), which are deprecated and will be removed in the future
generators/rocket-chip/src/main/scala/rocket/CSR.scala:1023:9: note: example printf here, will just be a printf in the future
generators/rocket-chip/src/main/scala/rocket/CSR.scala:378:7: note: For more information, see https://github.com/llvm/circt/issues/6970
generators/shuttle/src/main/scala/dmem/TLB.scala:40:7: warning: module contains 1 printf-encoded verification operation(s), which are deprecated and will be removed in the future
generators/shuttle/src/main/scala/dmem/TLB.scala:108:11: note: example printf here, will just be a printf in the future
generators/shuttle/src/main/scala/dmem/TLB.scala:40:7: note: For more information, see https://github.com/llvm/circt/issues/6970
generators/shuttle/src/main/scala/exu/Core.scala:26:7: warning: module contains 7 printf-encoded verification operation(s), which are deprecated and will be removed in the future
generators/shuttle/src/main/scala/exu/Core.scala:111:9: note: example printf here, will just be a printf in the future
generators/shuttle/src/main/scala/exu/Core.scala:26:7: note: For more information, see https://github.com/llvm/circt/issues/6970
generators/rocket-chip/src/main/scala/rocket/PTW.scala:219:7: warning: module contains 6 printf-encoded verification operation(s), which are deprecated and will be removed in the future
generators/rocket-chip/src/main/scala/rocket/PTW.scala:395:9: note: example printf here, will just be a printf in the future
generators/rocket-chip/src/main/scala/rocket/PTW.scala:219:7: note: For more information, see https://github.com/llvm/circt/issues/6970
generators/rocket-chip/src/main/scala/tile/LazyRoCC.scala:400:7: warning: module contains 1 printf-encoded verification operation(s), which are deprecated and will be removed in the future
generators/rocket-chip/src/main/scala/tile/LazyRoCC.scala:418:9: note: example printf here, will just be a printf in the future
generators/rocket-chip/src/main/scala/tile/LazyRoCC.scala:400:7: note: For more information, see https://github.com/llvm/circt/issues/6970
generators/rocket-chip/src/main/scala/rocket/SimpleHellaCacheIF.scala:18:7: warning: module contains 2 printf-encoded verification operation(s), which are deprecated and will be removed in the future
generators/rocket-chip/src/main/scala/rocket/SimpleHellaCacheIF.scala:72:9: note: example printf here, will just be a printf in the future
generators/rocket-chip/src/main/scala/rocket/SimpleHellaCacheIF.scala:18:7: note: For more information, see https://github.com/llvm/circt/issues/6970
generators/rocket-chip/src/main/scala/rocket/SimpleHellaCacheIF.scala:95:7: warning: module contains 3 printf-encoded verification operation(s), which are deprecated and will be removed in the future
generators/rocket-chip/src/main/scala/rocket/SimpleHellaCacheIF.scala:124:9: note: example printf here, will just be a printf in the future
generators/rocket-chip/src/main/scala/rocket/SimpleHellaCacheIF.scala:95:7: note: For more information, see https://github.com/llvm/circt/issues/6970
generators/shuttle/src/main/scala/common/Tile.scala:281:7: warning: module contains 1 printf-encoded verification operation(s), which are deprecated and will be removed in the future
generators/shuttle/src/main/scala/common/Tile.scala:378:15: note: example printf here, will just be a printf in the future
generators/shuttle/src/main/scala/common/Tile.scala:281:7: note: For more information, see https://github.com/llvm/circt/issues/6970
generators/rocket-chip/src/main/scala/tilelink/Monitor.scala:35:7: warning: module contains 114 printf-encoded verification operation(s), which are deprecated and will be removed in the future
generators/rocket-chip/src/main/scala/tilelink/Monitor.scala:44:11: note: example printf here, will just be a printf in the future
generators/rocket-chip/src/main/scala/tilelink/Monitor.scala:35:7: note: For more information, see https://github.com/llvm/circt/issues/6970
generators/rocket-chip/src/main/scala/tilelink/Monitor.scala:35:7: warning: module contains 210 printf-encoded verification operation(s), which are deprecated and will be removed in the future
generators/rocket-chip/src/main/scala/tilelink/Monitor.scala:44:11: note: example printf here, will just be a printf in the future
generators/rocket-chip/src/main/scala/tilelink/Monitor.scala:35:7: note: For more information, see https://github.com/llvm/circt/issues/6970
generators/rocket-chip/src/main/scala/tilelink/Monitor.scala:35:7: warning: module contains 112 printf-encoded verification operation(s), which are deprecated and will be removed in the future
generators/rocket-chip/src/main/scala/tilelink/Monitor.scala:44:11: note: example printf here, will just be a printf in the future
generators/rocket-chip/src/main/scala/tilelink/Monitor.scala:35:7: note: For more information, see https://github.com/llvm/circt/issues/6970
generators/rocket-chip/src/main/scala/tilelink/Monitor.scala:35:7: warning: module contains 114 printf-encoded verification operation(s), which are deprecated and will be removed in the future
generators/rocket-chip/src/main/scala/tilelink/Monitor.scala:44:11: note: example printf here, will just be a printf in the future
generators/rocket-chip/src/main/scala/tilelink/Monitor.scala:35:7: note: For more information, see https://github.com/llvm/circt/issues/6970
generators/rocket-chip/src/main/scala/devices/tilelink/Plic.scala:132:9: warning: module contains 4 printf-encoded verification operation(s), which are deprecated and will be removed in the future
generators/rocket-chip/src/main/scala/devices/tilelink/Plic.scala:249:11: note: example printf here, will just be a printf in the future
generators/rocket-chip/src/main/scala/devices/tilelink/Plic.scala:132:9: note: For more information, see https://github.com/llvm/circt/issues/6970
generators/rocket-chip/src/main/scala/tilelink/Monitor.scala:35:7: warning: module contains 112 printf-encoded verification operation(s), which are deprecated and will be removed in the future
generators/rocket-chip/src/main/scala/tilelink/Monitor.scala:44:11: note: example printf here, will just be a printf in the future
generators/rocket-chip/src/main/scala/tilelink/Monitor.scala:35:7: note: For more information, see https://github.com/llvm/circt/issues/6970
generators/rocket-chip/src/main/scala/tilelink/Xbar.scala:74:9: warning: module contains 3 printf-encoded verification operation(s), which are deprecated and will be removed in the future
generators/rocket-chip/src/main/scala/tilelink/Arbiter.scala:22:12: note: example printf here, will just be a printf in the future
generators/rocket-chip/src/main/scala/tilelink/Xbar.scala:74:9: note: For more information, see https://github.com/llvm/circt/issues/6970
generators/rocket-chip/src/main/scala/tilelink/Monitor.scala:35:7: warning: module contains 112 printf-encoded verification operation(s), which are deprecated and will be removed in the future
generators/rocket-chip/src/main/scala/tilelink/Monitor.scala:44:11: note: example printf here, will just be a printf in the future
generators/rocket-chip/src/main/scala/tilelink/Monitor.scala:35:7: note: For more information, see https://github.com/llvm/circt/issues/6970
generators/rocket-chip/src/main/scala/tilelink/Monitor.scala:35:7: warning: module contains 112 printf-encoded verification operation(s), which are deprecated and will be removed in the future
generators/rocket-chip/src/main/scala/tilelink/Monitor.scala:44:11: note: example printf here, will just be a printf in the future
generators/rocket-chip/src/main/scala/tilelink/Monitor.scala:35:7: note: For more information, see https://github.com/llvm/circt/issues/6970
generators/rocket-chip/src/main/scala/tilelink/Monitor.scala:35:7: warning: module contains 112 printf-encoded verification operation(s), which are deprecated and will be removed in the future
generators/rocket-chip/src/main/scala/tilelink/Monitor.scala:44:11: note: example printf here, will just be a printf in the future
generators/rocket-chip/src/main/scala/tilelink/Monitor.scala:35:7: note: For more information, see https://github.com/llvm/circt/issues/6970
generators/rocket-chip/src/main/scala/devices/tilelink/Error.scala:21:9: warning: module contains 3 printf-encoded verification operation(s), which are deprecated and will be removed in the future
generators/rocket-chip/src/main/scala/devices/tilelink/Error.scala:34:12: note: example printf here, will just be a printf in the future
generators/rocket-chip/src/main/scala/devices/tilelink/Error.scala:21:9: note: For more information, see https://github.com/llvm/circt/issues/6970
generators/rocket-chip/src/main/scala/tilelink/Monitor.scala:35:7: warning: module contains 114 printf-encoded verification operation(s), which are deprecated and will be removed in the future
generators/rocket-chip/src/main/scala/tilelink/Monitor.scala:44:11: note: example printf here, will just be a printf in the future
generators/rocket-chip/src/main/scala/tilelink/Monitor.scala:35:7: note: For more information, see https://github.com/llvm/circt/issues/6970
generators/rocket-chip/src/main/scala/devices/debug/SBA.scala:273:9: warning: module contains 1 printf-encoded verification operation(s), which are deprecated and will be removed in the future
generators/rocket-chip/src/main/scala/devices/debug/SBA.scala:373:12: note: example printf here, will just be a printf in the future
generators/rocket-chip/src/main/scala/devices/debug/SBA.scala:273:9: note: For more information, see https://github.com/llvm/circt/issues/6970
generators/rocket-chip/src/main/scala/tilelink/Monitor.scala:35:7: warning: module contains 112 printf-encoded verification operation(s), which are deprecated and will be removed in the future
generators/rocket-chip/src/main/scala/tilelink/Monitor.scala:44:11: note: example printf here, will just be a printf in the future
generators/rocket-chip/src/main/scala/tilelink/Monitor.scala:35:7: note: For more information, see https://github.com/llvm/circt/issues/6970
generators/rocket-chip/src/main/scala/tilelink/Monitor.scala:35:7: warning: module contains 112 printf-encoded verification operation(s), which are deprecated and will be removed in the future
generators/rocket-chip/src/main/scala/tilelink/Monitor.scala:44:11: note: example printf here, will just be a printf in the future
generators/rocket-chip/src/main/scala/tilelink/Monitor.scala:35:7: note: For more information, see https://github.com/llvm/circt/issues/6970
generators/rocket-chip/src/main/scala/devices/debug/Debug.scala:790:9: warning: module contains 5 printf-encoded verification operation(s), which are deprecated and will be removed in the future
generators/rocket-chip/src/main/scala/devices/debug/Debug.scala:1505:15: note: example printf here, will just be a printf in the future
generators/rocket-chip/src/main/scala/devices/debug/Debug.scala:790:9: note: For more information, see https://github.com/llvm/circt/issues/6970
generators/rocket-chip/src/main/scala/tilelink/Monitor.scala:35:7: warning: module contains 112 printf-encoded verification operation(s), which are deprecated and will be removed in the future
generators/rocket-chip/src/main/scala/tilelink/Monitor.scala:44:11: note: example printf here, will just be a printf in the future
generators/rocket-chip/src/main/scala/tilelink/Monitor.scala:35:7: note: For more information, see https://github.com/llvm/circt/issues/6970
generators/rocket-chip/src/main/scala/tilelink/Monitor.scala:35:7: warning: module contains 114 printf-encoded verification operation(s), which are deprecated and will be removed in the future
generators/rocket-chip/src/main/scala/tilelink/Monitor.scala:44:11: note: example printf here, will just be a printf in the future
generators/rocket-chip/src/main/scala/tilelink/Monitor.scala:35:7: note: For more information, see https://github.com/llvm/circt/issues/6970
generators/rocket-chip/src/main/scala/tilelink/SRAM.scala:63:9: warning: module contains 1 printf-encoded verification operation(s), which are deprecated and will be removed in the future
generators/rocket-chip/src/main/scala/tilelink/SRAM.scala:231:12: note: example printf here, will just be a printf in the future
generators/rocket-chip/src/main/scala/tilelink/SRAM.scala:63:9: note: For more information, see https://github.com/llvm/circt/issues/6970
generators/rocket-chip/src/main/scala/tilelink/Monitor.scala:35:7: warning: module contains 114 printf-encoded verification operation(s), which are deprecated and will be removed in the future
generators/rocket-chip/src/main/scala/tilelink/Monitor.scala:44:11: note: example printf here, will just be a printf in the future
generators/rocket-chip/src/main/scala/tilelink/Monitor.scala:35:7: note: For more information, see https://github.com/llvm/circt/issues/6970
generators/rocket-chip/src/main/scala/tilelink/Fragmenter.scala:92:9: warning: module contains 3 printf-encoded verification operation(s), which are deprecated and will be removed in the future
generators/rocket-chip/src/main/scala/tilelink/Fragmenter.scala:214:16: note: example printf here, will just be a printf in the future
generators/rocket-chip/src/main/scala/tilelink/Fragmenter.scala:92:9: note: For more information, see https://github.com/llvm/circt/issues/6970
generators/rocket-chip/src/main/scala/tilelink/Monitor.scala:35:7: warning: module contains 114 printf-encoded verification operation(s), which are deprecated and will be removed in the future
generators/rocket-chip/src/main/scala/tilelink/Monitor.scala:44:11: note: example printf here, will just be a printf in the future
generators/rocket-chip/src/main/scala/tilelink/Monitor.scala:35:7: note: For more information, see https://github.com/llvm/circt/issues/6970
generators/rocket-chip/src/main/scala/tilelink/Monitor.scala:35:7: warning: module contains 112 printf-encoded verification operation(s), which are deprecated and will be removed in the future
generators/rocket-chip/src/main/scala/tilelink/Monitor.scala:44:11: note: example printf here, will just be a printf in the future
generators/rocket-chip/src/main/scala/tilelink/Monitor.scala:35:7: note: For more information, see https://github.com/llvm/circt/issues/6970
generators/rocket-chip/src/main/scala/tilelink/Monitor.scala:35:7: warning: module contains 112 printf-encoded verification operation(s), which are deprecated and will be removed in the future
generators/rocket-chip/src/main/scala/tilelink/Monitor.scala:44:11: note: example printf here, will just be a printf in the future
generators/rocket-chip/src/main/scala/tilelink/Monitor.scala:35:7: note: For more information, see https://github.com/llvm/circt/issues/6970
generators/rocket-chip/src/main/scala/tilelink/Xbar.scala:74:9: warning: module contains 3 printf-encoded verification operation(s), which are deprecated and will be removed in the future
generators/rocket-chip/src/main/scala/tilelink/Arbiter.scala:22:12: note: example printf here, will just be a printf in the future
generators/rocket-chip/src/main/scala/tilelink/Xbar.scala:74:9: note: For more information, see https://github.com/llvm/circt/issues/6970
generators/rocket-chip/src/main/scala/tilelink/Monitor.scala:35:7: warning: module contains 112 printf-encoded verification operation(s), which are deprecated and will be removed in the future
generators/rocket-chip/src/main/scala/tilelink/Monitor.scala:44:11: note: example printf here, will just be a printf in the future
generators/rocket-chip/src/main/scala/tilelink/Monitor.scala:35:7: note: For more information, see https://github.com/llvm/circt/issues/6970
generators/rocket-chip/src/main/scala/tilelink/Monitor.scala:35:7: warning: module contains 112 printf-encoded verification operation(s), which are deprecated and will be removed in the future
generators/rocket-chip/src/main/scala/tilelink/Monitor.scala:44:11: note: example printf here, will just be a printf in the future
generators/rocket-chip/src/main/scala/tilelink/Monitor.scala:35:7: note: For more information, see https://github.com/llvm/circt/issues/6970
generators/rocket-chip/src/main/scala/tilelink/Fragmenter.scala:92:9: warning: module contains 3 printf-encoded verification operation(s), which are deprecated and will be removed in the future
generators/rocket-chip/src/main/scala/tilelink/Fragmenter.scala:214:16: note: example printf here, will just be a printf in the future
generators/rocket-chip/src/main/scala/tilelink/Fragmenter.scala:92:9: note: For more information, see https://github.com/llvm/circt/issues/6970
generators/rocket-chip/src/main/scala/tilelink/Monitor.scala:35:7: warning: module contains 112 printf-encoded verification operation(s), which are deprecated and will be removed in the future
generators/rocket-chip/src/main/scala/tilelink/Monitor.scala:44:11: note: example printf here, will just be a printf in the future
generators/rocket-chip/src/main/scala/tilelink/Monitor.scala:35:7: note: For more information, see https://github.com/llvm/circt/issues/6970
generators/rocket-chip/src/main/scala/tilelink/Monitor.scala:35:7: warning: module contains 112 printf-encoded verification operation(s), which are deprecated and will be removed in the future
generators/rocket-chip/src/main/scala/tilelink/Monitor.scala:44:11: note: example printf here, will just be a printf in the future
generators/rocket-chip/src/main/scala/tilelink/Monitor.scala:35:7: note: For more information, see https://github.com/llvm/circt/issues/6970
generators/rocket-chip/src/main/scala/tilelink/Fragmenter.scala:92:9: warning: module contains 3 printf-encoded verification operation(s), which are deprecated and will be removed in the future
generators/rocket-chip/src/main/scala/tilelink/Fragmenter.scala:214:16: note: example printf here, will just be a printf in the future
generators/rocket-chip/src/main/scala/tilelink/Fragmenter.scala:92:9: note: For more information, see https://github.com/llvm/circt/issues/6970
generators/rocket-chip/src/main/scala/jtag/JtagShifter.scala:137:7: warning: module contains 1 printf-encoded verification operation(s), which are deprecated and will be removed in the future
generators/rocket-chip/src/main/scala/jtag/JtagShifter.scala:185:9: note: example printf here, will just be a printf in the future
generators/rocket-chip/src/main/scala/jtag/JtagShifter.scala:137:7: note: For more information, see https://github.com/llvm/circt/issues/6970
generators/rocket-chip/src/main/scala/jtag/JtagShifter.scala:137:7: warning: module contains 1 printf-encoded verification operation(s), which are deprecated and will be removed in the future
generators/rocket-chip/src/main/scala/jtag/JtagShifter.scala:185:9: note: example printf here, will just be a printf in the future
generators/rocket-chip/src/main/scala/jtag/JtagShifter.scala:137:7: note: For more information, see https://github.com/llvm/circt/issues/6970
generators/rocket-chip/src/main/scala/jtag/JtagShifter.scala:89:7: warning: module contains 1 printf-encoded verification operation(s), which are deprecated and will be removed in the future
generators/rocket-chip/src/main/scala/jtag/JtagShifter.scala:118:9: note: example printf here, will just be a printf in the future
generators/rocket-chip/src/main/scala/jtag/JtagShifter.scala:89:7: note: For more information, see https://github.com/llvm/circt/issues/6970
generators/rocket-chip/src/main/scala/jtag/JtagShifter.scala:137:7: warning: module contains 1 printf-encoded verification operation(s), which are deprecated and will be removed in the future
generators/rocket-chip/src/main/scala/jtag/JtagShifter.scala:185:9: note: example printf here, will just be a printf in the future
generators/rocket-chip/src/main/scala/jtag/JtagShifter.scala:137:7: note: For more information, see https://github.com/llvm/circt/issues/6970
generators/rocket-chip/src/main/scala/jtag/JtagShifter.scala:56:7: warning: module contains 1 printf-encoded verification operation(s), which are deprecated and will be removed in the future
generators/rocket-chip/src/main/scala/jtag/JtagShifter.scala:72:9: note: example printf here, will just be a printf in the future
generators/rocket-chip/src/main/scala/jtag/JtagShifter.scala:56:7: note: For more information, see https://github.com/llvm/circt/issues/6970
generators/rocket-chip/src/main/scala/devices/debug/DebugTransport.scala:73:7: warning: module contains 3 printf-encoded verification operation(s), which are deprecated and will be removed in the future
generators/rocket-chip/src/main/scala/devices/debug/DebugTransport.scala:203:9: note: example printf here, will just be a printf in the future
generators/rocket-chip/src/main/scala/devices/debug/DebugTransport.scala:73:7: note: For more information, see https://github.com/llvm/circt/issues/6970
generators/testchipip/src/main/scala/uart/SimUART.scala:26:7: warning: module contains 1 printf-encoded verification operation(s), which are deprecated and will be removed in the future
generators/testchipip/src/main/scala/uart/SimUART.scala:48:35: note: example printf here, will just be a printf in the future
generators/testchipip/src/main/scala/uart/SimUART.scala:26:7: note: For more information, see https://github.com/llvm/circt/issues/6970
generators/rocket-chip/src/main/scala/tilelink/Monitor.scala:35:7: warning: module contains 114 printf-encoded verification operation(s), which are deprecated and will be removed in the future
generators/rocket-chip/src/main/scala/tilelink/Monitor.scala:44:11: note: example printf here, will just be a printf in the future
generators/rocket-chip/src/main/scala/tilelink/Monitor.scala:35:7: note: For more information, see https://github.com/llvm/circt/issues/6970
generators/testchipip/src/main/scala/tsi/TSIToTileLink.scala:36:7: warning: module contains 1 printf-encoded verification operation(s), which are deprecated and will be removed in the future
generators/testchipip/src/main/scala/tsi/TSIToTileLink.scala:137:15: note: example printf here, will just be a printf in the future
generators/testchipip/src/main/scala/tsi/TSIToTileLink.scala:36:7: note: For more information, see https://github.com/llvm/circt/issues/6970
generators/rocket-chip/src/main/scala/tilelink/Monitor.scala:35:7: warning: module contains 114 printf-encoded verification operation(s), which are deprecated and will be removed in the future
generators/rocket-chip/src/main/scala/tilelink/Monitor.scala:44:11: note: example printf here, will just be a printf in the future
generators/rocket-chip/src/main/scala/tilelink/Monitor.scala:35:7: note: For more information, see https://github.com/llvm/circt/issues/6970
generators/chipyard/src/main/scala/harness/TestHarness.scala:19:7: warning: module contains 2 printf-encoded verification operation(s), which are deprecated and will be removed in the future
generators/rocket-chip/src/main/scala/devices/debug/Periphery.scala:236:11: note: example printf here, will just be a printf in the future
generators/chipyard/src/main/scala/harness/TestHarness.scala:19:7: note: For more information, see https://github.com/llvm/circt/issues/6970
generators/rocket-chip-inclusive-cache/design/craft/inclusivecache/src/Scheduler.scala:422:79: warning: unprocessed annotation:'midas.targetutils.AutoCounterFirrtlAnnotation' still remaining after LowerToHW
===-------------------------------------------------------------------------===
                         ... Execution time report ...
===-------------------------------------------------------------------------===
  Total Execution Time: 26.3965 seconds

  ----User Time----  ----Wall Time----  ----Name----
    1.7210 (  1.8%)    1.7210 (  6.5%)  FIR Parser
    0.0527 (  0.1%)    0.0527 (  0.2%)    Parse annotations
    0.0000 (  0.0%)    0.0000 (  0.0%)    Parse OMIR
    1.0364 (  1.1%)    1.0364 (  3.9%)    Parse modules
    0.5839 (  0.6%)    0.5839 (  2.2%)    Verify circuit
   66.0839 ( 69.0%)   15.8902 ( 60.2%)  'firrtl.circuit' Pipeline
    0.0227 (  0.0%)    0.0227 (  0.1%)    LowerOpenAggs
    1.0019 (  1.0%)    1.0019 (  3.8%)    ResolvePaths
    0.0223 (  0.0%)    0.0223 (  0.1%)      (A) circt::firrtl::InstanceGraph
    0.5400 (  0.6%)    0.5400 (  2.0%)    LowerFIRRTLAnnotations
    0.0210 (  0.0%)    0.0210 (  0.1%)    LowerIntmodules
    0.0210 (  0.0%)    0.0210 (  0.1%)      (A) circt::firrtl::InstanceGraph
    1.9487 (  2.0%)    0.0293 (  0.1%)    'firrtl.module' Pipeline
    1.0436 (  1.1%)    0.0244 (  0.1%)      LowerIntrinsics
    0.5820 (  0.6%)    0.5820 (  2.2%)    LowerSignatures
    0.0000 (  0.0%)    0.0000 (  0.0%)    InjectDUTHierarchy
   18.1087 ( 18.9%)    0.4534 (  1.7%)    'firrtl.module' Pipeline
    2.1900 (  2.3%)    0.1015 (  0.4%)      PassiveWires
   12.0564 ( 12.6%)    0.2247 (  0.9%)      DropName
    1.9580 (  2.0%)    0.0733 (  0.3%)      CSE
    0.0624 (  0.1%)    0.0026 (  0.0%)        (A) DominanceInfo
    0.3173 (  0.3%)    0.0140 (  0.1%)      LowerCHIRRTLPass
    1.1941 (  1.2%)    0.0390 (  0.1%)      LowerMatches
    1.2501 (  1.3%)    1.2501 (  4.7%)    InferWidths
    0.0002 (  0.0%)    0.0002 (  0.0%)      (A) SymbolTable
    0.0205 (  0.0%)    0.0205 (  0.1%)      (A) circt::hw::InnerSymbolTableCollection
    0.5888 (  0.6%)    0.5888 (  2.2%)    MemToRegOfVec
    0.8077 (  0.8%)    0.8077 (  3.1%)    InferResets
    0.0285 (  0.0%)    0.0285 (  0.1%)      (A) circt::firrtl::InstanceGraph
    0.4931 (  0.5%)    0.4931 (  1.9%)    DropConst
    0.0058 (  0.0%)    0.0058 (  0.0%)    HoistPassthrough
    0.8637 (  0.9%)    0.8637 (  3.3%)    Dedup
    0.0003 (  0.0%)    0.0003 (  0.0%)      (A) circt::firrtl::NLATable
    0.0002 (  0.0%)    0.0002 (  0.0%)      (A) SymbolTable
    1.9961 (  2.1%)    0.0835 (  0.3%)    'firrtl.module' Pipeline
    1.8891 (  2.0%)    0.0834 (  0.3%)      FlattenMemory
    0.6966 (  0.7%)    0.6966 (  2.6%)    LowerFIRRTLTypes
    0.0001 (  0.0%)    0.0001 (  0.0%)      (A) SymbolTable
    3.2064 (  3.3%)    0.0987 (  0.4%)    'any' Pipeline
    3.1558 (  3.3%)    0.0979 (  0.4%)      ExpandWhens
    7.0143 (  7.3%)    0.2083 (  0.8%)    'firrtl.module' Pipeline
    4.5158 (  4.7%)    0.1283 (  0.5%)      SFCCompat
    1.1879 (  1.2%)    0.0437 (  0.2%)      LayerMerge
    1.1761 (  1.2%)    0.0438 (  0.2%)      LayerSink
    0.0073 (  0.0%)    0.0019 (  0.0%)        (A) DominanceInfo
    1.1425 (  1.2%)    1.1425 (  4.3%)    LowerLayers
    1.2789 (  1.3%)    1.2789 (  4.8%)    Inliner
    0.0001 (  0.0%)    0.0001 (  0.0%)      (A) SymbolTable
    3.3957 (  3.5%)    0.1022 (  0.4%)    'firrtl.module' Pipeline
    3.3260 (  3.5%)    0.1022 (  0.4%)      RandomizeRegisterInit
    0.6472 (  0.7%)    0.6472 (  2.5%)    CheckCombLoops
    0.0241 (  0.0%)    0.0241 (  0.1%)      (A) circt::firrtl::InstanceGraph
   14.5238 ( 15.2%)    0.3539 (  1.3%)    'firrtl.module' Pipeline
   13.9597 ( 14.6%)    0.3402 (  1.3%)      Canonicalizer
    0.4852 (  0.5%)    0.0218 (  0.1%)      InferReadWrite
    0.3635 (  0.4%)    0.3635 (  1.4%)    LowerMemory
    0.0110 (  0.0%)    0.0110 (  0.0%)      (A) circt::firrtl::InstanceGraph
    0.0002 (  0.0%)    0.0002 (  0.0%)      (A) SymbolTable
    0.2811 (  0.3%)    0.2811 (  1.1%)    PrefixModules
    0.0166 (  0.0%)    0.0166 (  0.1%)      (A) circt::firrtl::InstanceGraph
    0.0002 (  0.0%)    0.0002 (  0.0%)      (A) circt::firrtl::NLATable
    1.2269 (  1.3%)    1.2269 (  4.6%)    IMConstProp
    0.0175 (  0.0%)    0.0175 (  0.1%)    HoistPassthrough
    0.0116 (  0.0%)    0.0116 (  0.0%)      (A) circt::firrtl::InstanceGraph
    1.0057 (  1.1%)    1.0057 (  3.8%)  IMDeadCodeElim
    0.0141 (  0.0%)    0.0141 (  0.1%)    (A) circt::firrtl::InstanceGraph
    0.0001 (  0.0%)    0.0001 (  0.0%)    (A) SymbolTable
    0.0150 (  0.0%)    0.0150 (  0.1%)    (A) circt::hw::InnerSymbolTableCollection
    0.0101 (  0.0%)    0.0101 (  0.0%)  'firrtl.circuit' Pipeline
    0.0101 (  0.0%)    0.0101 (  0.0%)    AddSeqMemPorts
    0.0096 (  0.0%)    0.0096 (  0.0%)      (A) circt::firrtl::InstanceGraph
    0.1787 (  0.2%)    0.1787 (  0.7%)  CreateSiFiveMetadata
    0.0068 (  0.0%)    0.0068 (  0.0%)    (A) circt::firrtl::InstanceGraph
    0.7288 (  0.8%)    0.7288 (  2.8%)  'firrtl.circuit' Pipeline
    0.0874 (  0.1%)    0.0874 (  0.3%)    ExtractInstances
    0.0093 (  0.0%)    0.0093 (  0.0%)      (A) circt::firrtl::InstanceGraph
    0.0005 (  0.0%)    0.0005 (  0.0%)      (A) circt::firrtl::NLATable
    0.0002 (  0.0%)    0.0002 (  0.0%)    GrandCentral
    0.1843 (  0.2%)    0.1843 (  0.7%)    BlackBoxReader
    0.4568 (  0.5%)    0.4568 (  1.7%)    SymbolDCE
    0.3793 (  0.4%)    0.3793 (  1.4%)  InnerSymbolDCE
    4.5992 (  4.8%)    1.1611 (  4.4%)  'firrtl.circuit' Pipeline
    3.4381 (  3.6%)    0.0791 (  0.3%)    'firrtl.module' Pipeline
    2.4168 (  2.5%)    0.0627 (  0.2%)      Canonicalizer
    0.6309 (  0.7%)    0.0150 (  0.1%)      RegisterOptimizer
    0.9560 (  1.0%)    0.9560 (  3.6%)    IMConstProp
    0.0092 (  0.0%)    0.0092 (  0.0%)      (A) circt::firrtl::InstanceGraph
    0.8793 (  0.9%)    0.8793 (  3.3%)  IMDeadCodeElim
    0.0084 (  0.0%)    0.0084 (  0.0%)    (A) circt::firrtl::InstanceGraph
    0.0000 (  0.0%)    0.0000 (  0.0%)    (A) SymbolTable
    0.0108 (  0.0%)    0.0108 (  0.0%)    (A) circt::hw::InnerSymbolTableCollection
    3.4475 (  3.6%)    1.1164 (  4.2%)  'firrtl.circuit' Pipeline
    0.0000 (  0.0%)    0.0000 (  0.0%)    EmitOMIR
    1.8728 (  2.0%)    0.0713 (  0.3%)    'firrtl.module' Pipeline
    0.3417 (  0.4%)    0.0154 (  0.1%)      MergeConnections
    1.3368 (  1.4%)    0.0555 (  0.2%)      Vectorization
    0.0446 (  0.0%)    0.0446 (  0.2%)    ResolveTraces
    0.0002 (  0.0%)    0.0002 (  0.0%)      (A) circt::firrtl::NLATable
    0.0087 (  0.0%)    0.0087 (  0.0%)      (A) circt::hw::InnerSymbolTableCollection
    0.3082 (  0.3%)    0.3082 (  1.2%)    LowerXMR
    0.0106 (  0.0%)    0.0106 (  0.0%)      (A) circt::firrtl::InstanceGraph
    0.4366 (  0.5%)    0.4366 (  1.7%)    LowerClasses
    0.0085 (  0.0%)    0.0085 (  0.0%)      (A) circt::firrtl::InstanceGraph
    0.0001 (  0.0%)    0.0001 (  0.0%)      (A) SymbolTable
    0.0003 (  0.0%)    0.0003 (  0.0%)    VerifyObjectFields
    0.0000 (  0.0%)    0.0000 (  0.0%)      (A) SymbolTable
    0.4583 (  0.5%)    0.0079 (  0.0%)    'firrtl.module' Pipeline
    0.2353 (  0.2%)    0.0063 (  0.0%)      Lint
    0.6247 (  0.7%)    0.6247 (  2.4%)  LowerFIRRTLToHW
    0.0073 (  0.0%)    0.0073 (  0.0%)    (A) circt::firrtl::InstanceGraph
    0.0001 (  0.0%)    0.0001 (  0.0%)    (A) circt::firrtl::NLATable
    5.5737 (  5.8%)    0.1261 (  0.5%)  'hw.module' Pipeline
    0.9207 (  1.0%)    0.0544 (  0.2%)    CSE
    0.0460 (  0.0%)    0.0031 (  0.0%)      (A) DominanceInfo
    4.5702 (  4.8%)    0.0763 (  0.3%)    Canonicalizer
    0.0106 (  0.0%)    0.0106 (  0.0%)  VerifyInnerRefNamespace
    0.0011 (  0.0%)    0.0011 (  0.0%)  VerifyObjectFields
    0.0002 (  0.0%)    0.0002 (  0.0%)    (A) SymbolTable
    0.0374 (  0.0%)    0.0374 (  0.1%)  ExternalizeClockGate
    0.0933 (  0.1%)    0.0933 (  0.4%)  LowerSimToSV
    0.4765 (  0.5%)    0.4765 (  1.8%)  LowerSeqToSV
    1.0221 (  1.1%)    0.0419 (  0.2%)  'hw.module' Pipeline
    0.8453 (  0.9%)    0.0410 (  0.2%)    LowerVerifToSV
    0.1245 (  0.1%)    0.1245 (  0.5%)  HWMemSimImpl
    2.7715 (  2.9%)    0.0740 (  0.3%)  'hw.module' Pipeline
    0.9758 (  1.0%)    0.0361 (  0.1%)    CSE
    0.0923 (  0.1%)    0.0046 (  0.0%)      (A) DominanceInfo
    0.7431 (  0.8%)    0.0204 (  0.1%)    Canonicalizer
    0.4018 (  0.4%)    0.0094 (  0.0%)    CSE
    0.0542 (  0.1%)    0.0028 (  0.0%)      (A) DominanceInfo
    0.2487 (  0.3%)    0.0076 (  0.0%)    HWCleanup
    0.0120 (  0.0%)    0.0120 (  0.0%)  VerifyInnerRefNamespace
    0.0009 (  0.0%)    0.0009 (  0.0%)  VerifyObjectFields
    0.0002 (  0.0%)    0.0002 (  0.0%)    (A) SymbolTable
    1.1669 (  1.2%)    0.0392 (  0.1%)  'hw.module' Pipeline
    0.2182 (  0.2%)    0.0072 (  0.0%)    HWLegalizeModules
    0.6837 (  0.7%)    0.0287 (  0.1%)    PrettifyVerilog
    0.1314 (  0.1%)    0.1314 (  0.5%)  StripDebugInfoWithPred
    0.1263 (  0.1%)    0.1263 (  0.5%)  HWExportModuleHierarchy
    0.0001 (  0.0%)    0.0001 (  0.0%)    (A) SymbolTable
    0.0209 (  0.0%)    0.0209 (  0.1%)  VerifyInnerRefNamespace
    0.0013 (  0.0%)    0.0013 (  0.0%)  VerifyObjectFields
    0.9758 (  1.0%)    0.9758 (  3.7%)  ExportSplitVerilog
    3.2633 (  3.4%)    0.4306 (  1.6%)  'builtin.module' Pipeline
    0.1775 (  0.2%)    0.1775 (  0.7%)    HWLowerInstanceChoices
    2.8327 (  3.0%)    0.0824 (  0.3%)    'hw.module' Pipeline
    2.6935 (  2.8%)    0.0792 (  0.3%)      PrepareForEmission
   -0.3992 ( -0.4%)   -0.3992 ( -1.5%)  Rest
   95.7262 (100.0%)   26.3965 (100.0%)  Total
sed -i 's/.*/& /' /home/ray/chipyard/sims/verilator/generated-src/chipyard.harness.TestHarness.GENV256D128GemminiShuttleDeepMshrConfig/chipyard.harness.TestHarness.GENV256D128GemminiShuttleDeepMshrConfig.mems.conf # need trailing space for SFC macrocompiler
# If there are no BB's then the file might not be generated; ensure it exists
touch /home/ray/chipyard/sims/verilator/generated-src/chipyard.harness.TestHarness.GENV256D128GemminiShuttleDeepMshrConfig/gen-collateral/firrtl_black_box_resource_files.f
/home/ray/chipyard/scripts/uniquify-module-names.py \
	--model-hier-json /home/ray/chipyard/sims/verilator/generated-src/chipyard.harness.TestHarness.GENV256D128GemminiShuttleDeepMshrConfig/model_module_hierarchy.json \
	--top-hier-json /home/ray/chipyard/sims/verilator/generated-src/chipyard.harness.TestHarness.GENV256D128GemminiShuttleDeepMshrConfig/top_module_hierarchy.json \
	--in-all-filelist /home/ray/chipyard/sims/verilator/generated-src/chipyard.harness.TestHarness.GENV256D128GemminiShuttleDeepMshrConfig/gen-collateral/filelist.f \
	--in-bb-filelist /home/ray/chipyard/sims/verilator/generated-src/chipyard.harness.TestHarness.GENV256D128GemminiShuttleDeepMshrConfig/gen-collateral/firrtl_black_box_resource_files.f \
	--dut ChipTop \
	--model TestHarness \
	--target-dir /home/ray/chipyard/sims/verilator/generated-src/chipyard.harness.TestHarness.GENV256D128GemminiShuttleDeepMshrConfig/gen-collateral \
	--out-dut-filelist /home/ray/chipyard/sims/verilator/generated-src/chipyard.harness.TestHarness.GENV256D128GemminiShuttleDeepMshrConfig/chipyard.harness.TestHarness.GENV256D128GemminiShuttleDeepMshrConfig.top.f \
	--out-model-filelist /home/ray/chipyard/sims/verilator/generated-src/chipyard.harness.TestHarness.GENV256D128GemminiShuttleDeepMshrConfig/chipyard.harness.TestHarness.GENV256D128GemminiShuttleDeepMshrConfig.model.f \
	--out-model-hier-json /home/ray/chipyard/sims/verilator/generated-src/chipyard.harness.TestHarness.GENV256D128GemminiShuttleDeepMshrConfig/model_module_hierarchy.uniquified.json \
	--gcpath /home/ray/chipyard/sims/verilator/generated-src/chipyard.harness.TestHarness.GENV256D128GemminiShuttleDeepMshrConfig/gen-collateral
sed -e 's;^;/home/ray/chipyard/sims/verilator/generated-src/chipyard.harness.TestHarness.GENV256D128GemminiShuttleDeepMshrConfig/gen-collateral/;' /home/ray/chipyard/sims/verilator/generated-src/chipyard.harness.TestHarness.GENV256D128GemminiShuttleDeepMshrConfig/gen-collateral/firrtl_black_box_resource_files.f > /home/ray/chipyard/sims/verilator/generated-src/chipyard.harness.TestHarness.GENV256D128GemminiShuttleDeepMshrConfig/chipyard.harness.TestHarness.GENV256D128GemminiShuttleDeepMshrConfig.bb.f
sed -i 's/\.\///' /home/ray/chipyard/sims/verilator/generated-src/chipyard.harness.TestHarness.GENV256D128GemminiShuttleDeepMshrConfig/chipyard.harness.TestHarness.GENV256D128GemminiShuttleDeepMshrConfig.top.f
sed -i 's/\.\///' /home/ray/chipyard/sims/verilator/generated-src/chipyard.harness.TestHarness.GENV256D128GemminiShuttleDeepMshrConfig/chipyard.harness.TestHarness.GENV256D128GemminiShuttleDeepMshrConfig.model.f
sed -i 's/\.\///' /home/ray/chipyard/sims/verilator/generated-src/chipyard.harness.TestHarness.GENV256D128GemminiShuttleDeepMshrConfig/chipyard.harness.TestHarness.GENV256D128GemminiShuttleDeepMshrConfig.bb.f
sort -u /home/ray/chipyard/sims/verilator/generated-src/chipyard.harness.TestHarness.GENV256D128GemminiShuttleDeepMshrConfig/chipyard.harness.TestHarness.GENV256D128GemminiShuttleDeepMshrConfig.top.f /home/ray/chipyard/sims/verilator/generated-src/chipyard.harness.TestHarness.GENV256D128GemminiShuttleDeepMshrConfig/chipyard.harness.TestHarness.GENV256D128GemminiShuttleDeepMshrConfig.model.f /home/ray/chipyard/sims/verilator/generated-src/chipyard.harness.TestHarness.GENV256D128GemminiShuttleDeepMshrConfig/chipyard.harness.TestHarness.GENV256D128GemminiShuttleDeepMshrConfig.bb.f > /home/ray/chipyard/sims/verilator/generated-src/chipyard.harness.TestHarness.GENV256D128GemminiShuttleDeepMshrConfig/chipyard.harness.TestHarness.GENV256D128GemminiShuttleDeepMshrConfig.all.f
cp -f /home/ray/chipyard/generators/rocket-chip/src/main/resources/vsrc/TestDriver.v /home/ray/chipyard/sims/verilator/generated-src/chipyard.harness.TestHarness.GENV256D128GemminiShuttleDeepMshrConfig/gen-collateral
/home/ray/chipyard/scripts/split-mems-conf.py \
	--in-smems-conf /home/ray/chipyard/sims/verilator/generated-src/chipyard.harness.TestHarness.GENV256D128GemminiShuttleDeepMshrConfig/chipyard.harness.TestHarness.GENV256D128GemminiShuttleDeepMshrConfig.mems.conf \
	--in-model-hrchy-json /home/ray/chipyard/sims/verilator/generated-src/chipyard.harness.TestHarness.GENV256D128GemminiShuttleDeepMshrConfig/model_module_hierarchy.uniquified.json \
	--dut-module-name ChipTop \
	--model-module-name TestHarness \
	--out-dut-smems-conf /home/ray/chipyard/sims/verilator/generated-src/chipyard.harness.TestHarness.GENV256D128GemminiShuttleDeepMshrConfig/chipyard.harness.TestHarness.GENV256D128GemminiShuttleDeepMshrConfig.top.mems.conf \
	--out-model-smems-conf /home/ray/chipyard/sims/verilator/generated-src/chipyard.harness.TestHarness.GENV256D128GemminiShuttleDeepMshrConfig/chipyard.harness.TestHarness.GENV256D128GemminiShuttleDeepMshrConfig.model.mems.conf
echo "/home/ray/chipyard/sims/verilator/generated-src/chipyard.harness.TestHarness.GENV256D128GemminiShuttleDeepMshrConfig/gen-collateral/TestDriver.v" >> /home/ray/chipyard/sims/verilator/generated-src/chipyard.harness.TestHarness.GENV256D128GemminiShuttleDeepMshrConfig/sim_files.f;
[ -f /home/ray/chipyard/sims/verilator/generated-src/chipyard.harness.TestHarness.GENV256D128GemminiShuttleDeepMshrConfig/gen-collateral/custom.mems.conf ] && cat /home/ray/chipyard/sims/verilator/generated-src/chipyard.harness.TestHarness.GENV256D128GemminiShuttleDeepMshrConfig/gen-collateral/custom.mems.conf >> /home/ray/chipyard/sims/verilator/generated-src/chipyard.harness.TestHarness.GENV256D128GemminiShuttleDeepMshrConfig/chipyard.harness.TestHarness.GENV256D128GemminiShuttleDeepMshrConfig.top.mems.conf
make: [/home/ray/chipyard/common.mk:288: /home/ray/chipyard/sims/verilator/generated-src/chipyard.harness.TestHarness.GENV256D128GemminiShuttleDeepMshrConfig/chipyard.harness.TestHarness.GENV256D128GemminiShuttleDeepMshrConfig.top.mems.conf] Error 1 (ignored)
cd /home/ray/chipyard && java -cp /home/ray/chipyard/.classpath_cache/tapeout.jar tapeout.macros.MacroCompiler -n /home/ray/chipyard/sims/verilator/generated-src/chipyard.harness.TestHarness.GENV256D128GemminiShuttleDeepMshrConfig/chipyard.harness.TestHarness.GENV256D128GemminiShuttleDeepMshrConfig.top.mems.conf -v /home/ray/chipyard/sims/verilator/generated-src/chipyard.harness.TestHarness.GENV256D128GemminiShuttleDeepMshrConfig/gen-collateral/chipyard.harness.TestHarness.GENV256D128GemminiShuttleDeepMshrConfig.top.mems.v -f /home/ray/chipyard/sims/verilator/generated-src/chipyard.harness.TestHarness.GENV256D128GemminiShuttleDeepMshrConfig/chipyard.harness.TestHarness.GENV256D128GemminiShuttleDeepMshrConfig.top.mems.fir --mode synflops
cd /home/ray/chipyard && java -cp /home/ray/chipyard/.classpath_cache/tapeout.jar tapeout.macros.MacroCompiler  -n /home/ray/chipyard/sims/verilator/generated-src/chipyard.harness.TestHarness.GENV256D128GemminiShuttleDeepMshrConfig/chipyard.harness.TestHarness.GENV256D128GemminiShuttleDeepMshrConfig.model.mems.conf -v /home/ray/chipyard/sims/verilator/generated-src/chipyard.harness.TestHarness.GENV256D128GemminiShuttleDeepMshrConfig/gen-collateral/chipyard.harness.TestHarness.GENV256D128GemminiShuttleDeepMshrConfig.model.mems.v -f /home/ray/chipyard/sims/verilator/generated-src/chipyard.harness.TestHarness.GENV256D128GemminiShuttleDeepMshrConfig/chipyard.harness.TestHarness.GENV256D128GemminiShuttleDeepMshrConfig.model.mems.fir --mode synflops
Picked up JAVA_TOOL_OPTIONS: -Xmx8G -Xss8M -Djava.io.tmpdir=/home/ray/chipyard/.java_tmp
Picked up JAVA_TOOL_OPTIONS: -Xmx8G -Xss8M -Djava.io.tmpdir=/home/ray/chipyard/.java_tmp
WARNING: Empty *.mems.conf file. No memories generated.
touch /home/ray/chipyard/sims/verilator/generated-src/chipyard.harness.TestHarness.GENV256D128GemminiShuttleDeepMshrConfig/gen-collateral/chipyard.harness.TestHarness.GENV256D128GemminiShuttleDeepMshrConfig.model.mems.v /home/ray/chipyard/sims/verilator/generated-src/chipyard.harness.TestHarness.GENV256D128GemminiShuttleDeepMshrConfig/chipyard.harness.TestHarness.GENV256D128GemminiShuttleDeepMshrConfig.model.mems.fir
touch /home/ray/chipyard/sims/verilator/generated-src/chipyard.harness.TestHarness.GENV256D128GemminiShuttleDeepMshrConfig/gen-collateral/chipyard.harness.TestHarness.GENV256D128GemminiShuttleDeepMshrConfig.top.mems.v /home/ray/chipyard/sims/verilator/generated-src/chipyard.harness.TestHarness.GENV256D128GemminiShuttleDeepMshrConfig/chipyard.harness.TestHarness.GENV256D128GemminiShuttleDeepMshrConfig.top.mems.fir
rm -f /home/ray/chipyard/sims/verilator/generated-src/chipyard.harness.TestHarness.GENV256D128GemminiShuttleDeepMshrConfig/sim_files.common.f
sort -u /home/ray/chipyard/sims/verilator/generated-src/chipyard.harness.TestHarness.GENV256D128GemminiShuttleDeepMshrConfig/sim_files.f /home/ray/chipyard/sims/verilator/generated-src/chipyard.harness.TestHarness.GENV256D128GemminiShuttleDeepMshrConfig/chipyard.harness.TestHarness.GENV256D128GemminiShuttleDeepMshrConfig.all.f | grep -v '.*\.\(svh\|h\|conf\)$' >> /home/ray/chipyard/sims/verilator/generated-src/chipyard.harness.TestHarness.GENV256D128GemminiShuttleDeepMshrConfig/sim_files.common.f
echo "/home/ray/chipyard/sims/verilator/generated-src/chipyard.harness.TestHarness.GENV256D128GemminiShuttleDeepMshrConfig/gen-collateral/chipyard.harness.TestHarness.GENV256D128GemminiShuttleDeepMshrConfig.top.mems.v" >> /home/ray/chipyard/sims/verilator/generated-src/chipyard.harness.TestHarness.GENV256D128GemminiShuttleDeepMshrConfig/sim_files.common.f
echo "/home/ray/chipyard/sims/verilator/generated-src/chipyard.harness.TestHarness.GENV256D128GemminiShuttleDeepMshrConfig/gen-collateral/chipyard.harness.TestHarness.GENV256D128GemminiShuttleDeepMshrConfig.model.mems.v" >> /home/ray/chipyard/sims/verilator/generated-src/chipyard.harness.TestHarness.GENV256D128GemminiShuttleDeepMshrConfig/sim_files.common.f
make: Leaving directory '/home/ray/chipyard/sims/verilator'
